name,age,gender,weight,height,activity_level,daily_calorie_limit,recommended_foods_breakfast,recommended_foods_lunch,recommended_foods_dinner
Mrs. Natasha Whitaker,71,Female,109,150,active,2834.12,"[[""Pomegranate (1 Medium Size)"", 234], [""Gooseberry (1 Medium Size)"", 14], [""Dal dhokli  (1 Small Bowl)"", 173], [""Khakhra(1 Pieces) (1 Medium Size)"", 89], [""VaghareliKhichadi (1 Small Bowl)"", 98], [""Shingpak (1 Small Piece)"", 70]]","[[""Patra(1 Small Bowl)"", 23], [""Pineapple (1 Medium Size)"", 416], [""Paratha(1 Medium Size)"", 118]]","[[""Medium Pear (1 Medium Size)"", 93], [""Horse gram dal(1 Small Bowl)"", 126], [""Cabbage potato subji(1 Small Bowl)"", 99], [""Potatocauliflowerkhichadi (1 Small Bowl)"", 25], [""Beanspotatosubji (1 Small Bowl)"", 93], [""VaghareliKhichadi (1 Small Bowl)"", 98]]"
Ms. Amy Griffith,21,Female,51,154,sedentary,1595.42,"[[""Chikoo (1 Medium Size)"", 59], [""Pineapple (1 Medium Size)"", 416], [""VaghareliKhichadi (1 Small Bowl)"", 98], [""Khakhra(1 Pieces) (1 Medium Size)"", 89], [""VaghareliKhichadi (1 Small Bowl)"", 98]]","[[""Kadhi(1 Small Bowl)"", 78], [""Tomato subji(1 Small Bowl)"", 63], [""Sprouted muthsubji(1 Small Bowl)"", 40], [""Basondi (1 Small Bowl)"", 275], [""Paratha(1 Medium Size)"", 118]]","[[""Dal dhokli  (1 Small Bowl)"", 173], [""Dosa(1 Medium Size)"", 154], [""Tinda potato subji (1 Small Bowl)"", 82], [""Bottle gourd tomato onion subji (1 Small Bowl)"", 54], [""VaghareliKhichadi (1 Small Bowl)"", 98]]"
Jon Williams,39,Male,63,167,light,2068.69,"[[""Strawberry (1 Medium Size)"", 5], [""Mango (1 Medium Size)"", 249], [""Grapes Green (1 Medium Size)"", 3], [""Khakhra(1 Pieces) (1 Medium Size)"", 89], [""Khakhra(1 Pieces) (1 Medium Size)"", 89], [""GujratiDhokla  (1 Small Bowl)"", 54], [""Groundnut chikki  (1 Small Piece)"", 36], [""Dal dhokli  (1 Small Bowl)"", 173]]","[[""Rotla (Bajra)(1 Medium Size)"", 113], [""Kiwi Fruit (1 Medium Size)"", 42], [""Kadhi(1 Small Bowl)"", 78], [""Patra(1 Small Bowl)"", 23], [""Carrot tomato beetroot salad (2 Table Spoon)"", 29], [""Fig(1 Medium Size)"", 37], [""Kadhi(1 Small Bowl)"", 78], [""Steamed stuffed bitter gourd (1 Small Bowl)"", 92], [""Apricot Dried  (1 P)  (1 Medium Size)"", 20], [""Tomato subji(1 Small Bowl)"", 63]]","[[""Idli \u2013 Sambar"", 239], [""Potato sabji(1 Small Bowl)"", 118], [""Kadhi(1 Small Bowl)"", 78], [""Bottle gourd (rice flakes (1 Small Bowl))"", 43], [""Tomato subji(1 Small Bowl)"", 63]]"
Todd Rodriguez,95,Female,116,160,light,2222.26,"[[""Kiwi Fruit (1 Medium Size)"", 42], [""Medium Apple (1 Medium Size)"", 107], [""Khakhra(1 Pieces) (1 Medium Size)"", 89], [""Medium Apple (1 Medium Size)"", 107], [""Groundnut chikki  (1 Small Piece)"", 36], [""GujratiDhokla  (1 Small Bowl)"", 54], [""VaghareliKhichadi (1 Small Bowl)"", 98]]","[[""Rotla (Bajra)(1 Medium Size)"", 113], [""Brinjalbhartha(1 Small Bowl)"", 70], [""Stuffed tomato(1 Small Bowl)"", 93], [""Kadhi(1 Small Bowl)"", 78], [""Watermelon Balls (1 Medium Size)"", 2], [""Caggage green salad (2 Table Spoon)"", 25], [""Brinjal potato tomato subji (1 Small Bowl)"", 91]]","[[""Bhakhri(1 Medium Size)"", 130], [""Idli \u2013 Sambar"", 239], [""Kadhi(1 Small Bowl)"", 78]]"
Megan Brown,85,Male,45,169,moderate,1482.58,"[[""Dragon Fruit (1 Medium Size)"", 119], [""Kiwi Fruit (1 Medium Size)"", 42], [""VaghareliKhichadi (1 Small Bowl)"", 98], [""Shingpak (1 Small Piece)"", 70], [""Black sesame seeds  Chokki  (1 Small Piece)"", 157], [""Khakhra(1 Pieces) (1 Medium Size)"", 89], [""Gooseberry (1 Medium Size)"", 14], [""Pomegranate (1 Medium Size)"", 234]]","[[""Rotla (Bajra)(1 Medium Size)"", 113], [""VaghareliKhichadi (1 Small Bowl)"", 98], [""Kadhi(1 Small Bowl)"", 78], [""Tomato subji(1 Small Bowl)"", 63], [""Kadhi(1 Small Bowl)"", 78], [""Cauliflower potato subji  (1 Small Bowl)"", 95], [""Carrot tomato beetroot salad (2 Table Spoon)"", 29], [""Basondi (1 Small Bowl)"", 275]]","[[""Carrot tomato beetroot salad (2 Table Spoon)"", 29], [""Green gram dal(1 Small Bowl)"", 686]]"
Brian Reese,48,Male,105,180,light,2868.59,"[[""Medium Banana (1 Medium Size)"", 117], [""Apricot Dried  (1 P)  (1 Medium Size)"", 20], [""Khakhra(1 Pieces) (1 Medium Size)"", 89], [""Dates, Processed (1 Medium Size)"", 35], [""Apricot Dried  (1 P)  (1 Medium Size)"", 20], [""VaghareliKhichadi (1 Small Bowl)"", 98], [""VaghareliKhichadi (1 Small Bowl)"", 98], [""VaghareliKhichadi (1 Small Bowl)"", 98]]","[[""Bhakhri(1 Medium Size)"", 130], [""Green gram dal(1 Small Bowl)"", 686]]","[[""Pudla (spicy) (1 Medium Size)"", 109], [""Cauliflower potato subji  (1 Small Bowl)"", 95], [""Potato sabji(1 Small Bowl)"", 118], [""Brinjalbhartha(1 Small Bowl)"", 70], [""Green gram dal(1 Small Bowl)"", 686]]"
Corey Bond,89,Male,78,182,moderate,2244.79,"[[""Medium Apple (1 Medium Size)"", 107], [""Muskmelon Fruit (1 Medium Size)"", 27], [""VaghareliKhichadi (1 Small Bowl)"", 98], [""Khakhra(1 Pieces) (1 Medium Size)"", 89], [""Khakhra(1 Pieces) (1 Medium Size)"", 89], [""VaghareliKhichadi (1 Small Bowl)"", 98], [""Black sesame seeds  Chokki  (1 Small Piece)"", 157]]","[[""Rotla (Bajra)(1 Medium Size)"", 113], [""Tomato subji(1 Small Bowl)"", 63], [""Kadhi(1 Small Bowl)"", 78], [""VaghareliKhichadi (1 Small Bowl)"", 98], [""Sprouted muthsubji(1 Small Bowl)"", 40], [""Radious Leaves (1 Small Bowl)"", 47], [""Kadhi(1 Small Bowl)"", 78]]","[[""Caggage green salad (2 Table Spoon)"", 25], [""Kadhi(1 Small Bowl)"", 78], [""Avocado Fruit (Sliced) (1 Medium Size)"", 211], [""Dal dhokli  (1 Small Bowl)"", 173]]"
Desiree Hall,44,Female,97,170,extra_active,3213.79,"[[""Rose Apple (1 Medium Size)"", 69], [""Plum(1 Medium Size)"", 34], [""Groundnut chikki  (1 Small Piece)"", 36], [""Khakhra(1 Pieces) (1 Medium Size)"", 89], [""VaghareliKhichadi (1 Small Bowl)"", 98], [""Groundnut chikki  (1 Small Piece)"", 36], [""VaghareliKhichadi (1 Small Bowl)"", 98], [""VaghareliKhichadi (1 Small Bowl)"", 98], [""Khakhra(1 Pieces) (1 Medium Size)"", 89], [""Black sesame seeds  Chokki  (1 Small Piece)"", 157], [""Medium Pear (1 Medium Size)"", 93], [""VaghareliKhichadi (1 Small Bowl)"", 98]]","[[""Roti (1 Medium Size)"", 85], [""Carrot tomato beetroot salad (2 Table Spoon)"", 29], [""Shrikhand (1 Small Bowl)"", 393], [""Litchi (1 Medium Size)"", 6], [""Red gram dal(1 Small Bowl)"", 116], [""Rotla (Bajra)(1 Medium Size)"", 113]]","[[""Tomato subji(1 Small Bowl)"", 63], [""Sukhabhel(1 Small Bowl)"", 8], [""Dosa(1 Medium Size)"", 154], [""Pulav(1 Small Bowl)"", 133], [""Tinda fry(2 Table Spoon)"", 25], [""Kadhi(1 Small Bowl)"", 78], [""Sprouted muthsubji(1 Small Bowl)"", 40], [""Tomato subji(1 Small Bowl)"", 63], [""VaghareliKhichadi (1 Small Bowl)"", 98], [""Stuffed tomato(1 Small Bowl)"", 93]]"
Kurt Moore,28,Male,74,181,moderate,2790.0,"[[""Grapes Black (1 Medium Size)"", 5], [""Orange (1 Medium Size)"", 46], [""Khakhra(1 Pieces) (1 Medium Size)"", 89], [""Avocado Fruit (Sliced) (1 Medium Size)"", 211], [""Khichdi (1 Small Bowl)"", 125], [""Chikoo (1 Medium Size)"", 59]]","[[""Paratha(1 Medium Size)"", 118], [""Kadhi(1 Small Bowl)"", 78], [""Pineapple (1 Medium Size)"", 416]]","[[""Medium Banana (1 Medium Size)"", 117], [""VaghareliKhichadi (1 Small Bowl)"", 98], [""Sprouted green gram subji(1 Small Bowl)"", 87], [""Tomato subji(1 Small Bowl)"", 63], [""VaghareliKhichadi (1 Small Bowl)"", 98]]"
Alexandra Moore,91,Female,92,165,active,2440.24,"[[""Fig(1 Medium Size)"", 37], [""Dragon Fruit (1 Medium Size)"", 119], [""Pineapple (1 Medium Size)"", 416], [""Dal dhokli  (1 Small Bowl)"", 173], [""VaghareliKhichadi (1 Small Bowl)"", 98]]","[[""Roti (1 Medium Size)"", 85], [""VaghareliKhichadi (1 Small Bowl)"", 98], [""Avocado Fruit (Sliced) (1 Medium Size)"", 211], [""Avocado Fruit (Sliced) (1 Medium Size)"", 211]]","[[""Tinda fry(2 Table Spoon)"", 25], [""Red gram dal(1 Small Bowl)"", 116], [""Red gram dal(1 Small Bowl)"", 116], [""VaghareliKhichadi (1 Small Bowl)"", 98], [""Cabbage potato subji(1 Small Bowl)"", 99], [""Carrot tomato beetroot salad (2 Table Spoon)"", 29], [""Upma(1 Medium Size)"", 111]]"
Terry Hammond,50,Female,105,161,extra_active,3274.2,"[[""Papaya, Ripe (1 Medium Size)"", 46], [""Cherries Red (1 Medium Size)"", 66], [""Pudla (sweet)  (1 Medium Size)"", 128], [""Fig(1 Medium Size)"", 37], [""VaghareliKhichadi (1 Small Bowl)"", 98], [""Rose Apple (1 Medium Size)"", 69], [""Khakhra(1 Pieces) (1 Medium Size)"", 89], [""Khakhra(1 Pieces) (1 Medium Size)"", 89], [""Litchi (1 Medium Size)"", 6], [""Black sesame seeds  Chokki  (1 Small Piece)"", 157]]","[[""Roti (1 Medium Size)"", 85], [""Potato sabji(1 Small Bowl)"", 118], [""Tomato subji(1 Small Bowl)"", 63], [""Tinda potato subji (1 Small Bowl)"", 82], [""Tinda fry(2 Table Spoon)"", 25], [""VaghareliKhichadi (1 Small Bowl)"", 98]]","[[""Idli \u2013 Sambar"", 239], [""Mandarin Orange(1 Medium Size)"", 63], [""Caggage green salad (2 Table Spoon)"", 25], [""Papaya, Ripe (1 Medium Size)"", 46], [""Tinda fry(2 Table Spoon)"", 25], [""Carrot tomato beetroot salad (2 Table Spoon)"", 29], [""Pudla (spicy) (1 Medium Size)"", 109]]"
Michael Garcia,61,Female,77,165,active,2434.78,"[[""Mango (1 Medium Size)"", 249], [""Grapes Black (1 Medium Size)"", 5], [""VaghareliKhichadi (1 Small Bowl)"", 98], [""Shingpak (1 Small Piece)"", 70], [""VaghareliKhichadi (1 Small Bowl)"", 98], [""GujratiDhokla  (1 Small Bowl)"", 54], [""VaghareliKhichadi (1 Small Bowl)"", 98]]","[[""Roti (1 Medium Size)"", 85], [""Sprouted muthsubji(1 Small Bowl)"", 40], [""Tomato subji(1 Small Bowl)"", 63], [""Khir (1 Small Bowl)"", 30], [""Kadhi(1 Small Bowl)"", 78], [""VaghareliKhichadi (1 Small Bowl)"", 98], [""Steamed stuffed bitter gourd (1 Small Bowl)"", 92], [""Kadhi(1 Small Bowl)"", 78]]","[[""Patra(1 Small Bowl)"", 23], [""Stuffed tomato(1 Small Bowl)"", 93], [""Cabbage potato subji(1 Small Bowl)"", 99], [""Steamed stuffed bitter gourd (1 Small Bowl)"", 92], [""Groundunt potato subji (1 Small Bowl)"", 156], [""Undhiyu(1 Small Bowl)"", 233]]"
Chad Lee,97,Male,84,185,extra_active,2834.32,"[[""Watermelon Balls (1 Medium Size)"", 2], [""Litchi (1 Medium Size)"", 6], [""VaghareliKhichadi (1 Small Bowl)"", 98], [""VaghareliKhichadi (1 Small Bowl)"", 98], [""Khakhra(1 Pieces) (1 Medium Size)"", 89], [""Khichdi (1 Small Bowl)"", 125], [""Khakhra(1 Pieces) (1 Medium Size)"", 89], [""VaghareliKhichadi (1 Small Bowl)"", 98], [""VaghareliKhichadi (1 Small Bowl)"", 98], [""Pudla (sweet)  (1 Medium Size)"", 128]]","[[""Doodh Pak  (1 Small Bowl)"", 156], [""Kadhi(1 Small Bowl)"", 78], [""Green gram dal(1 Small Bowl)"", 686]]","[[""Tomato subji(1 Small Bowl)"", 63], [""Radious Leaves (1 Small Bowl)"", 47], [""Pudla (spicy) (1 Medium Size)"", 109], [""Dal dhokli  (1 Small Bowl)"", 173], [""Idli \u2013 Sambar"", 239]]"
Shaun Kelly,38,Female,37,158,extra_active,2134.73,"[[""Guava pink Flesh (1 Medium Size)"", 33], [""Grapes Green (1 Medium Size)"", 3], [""Shingpak (1 Small Piece)"", 70], [""Khakhra(1 Pieces) (1 Medium Size)"", 89], [""Chikoo (1 Medium Size)"", 59], [""Khichdi (1 Small Bowl)"", 125], [""Khakhra(1 Pieces) (1 Medium Size)"", 89], [""Dal dhokli  (1 Small Bowl)"", 173], [""Khakhra(1 Pieces) (1 Medium Size)"", 89], [""Orange (1 Medium Size)"", 46], [""Dal dhokli  (1 Small Bowl)"", 173]]","[[""Bhakhri(1 Medium Size)"", 130], [""VaghareliKhichadi (1 Small Bowl)"", 98], [""Fenugreek Leaves  brinjalsubji (1 Small Bowl)"", 63], [""Kadhi(1 Small Bowl)"", 78], [""Carrot tomato beetroot salad (2 Table Spoon)"", 29], [""VaghareliKhichadi (1 Small Bowl)"", 98], [""Black gram dal(1 Small Bowl)"", 684]]","[[""Bottle gourd tomato onion subji (1 Small Bowl)"", 54], [""Dal dhokli  (1 Small Bowl)"", 173], [""Kadhi(1 Small Bowl)"", 78], [""VaghareliKhichadi (1 Small Bowl)"", 98], [""Potatocauliflowerkhichadi (1 Small Bowl)"", 25], [""VaghareliKhichadi (1 Small Bowl)"", 98], [""Plum(1 Medium Size)"", 34], [""Green gram dal(1 Small Bowl)"", 686]]"
Christopher Owens,37,Male,83,184,extra_active,3568.2,"[[""Medium Apple (1 Medium Size)"", 107], [""Guava pink Flesh (1 Medium Size)"", 33], [""Shingpak (1 Small Piece)"", 70], [""VaghareliKhichadi (1 Small Bowl)"", 98], [""Khakhra(1 Pieces) (1 Medium Size)"", 89], [""Khakhra(1 Pieces) (1 Medium Size)"", 89], [""VaghareliKhichadi (1 Small Bowl)"", 98], [""Khakhra(1 Pieces) (1 Medium Size)"", 89], [""Jambu fruit Ripe (1 Medium Size)"", 2], [""Khakhra(1 Pieces) (1 Medium Size)"", 89], [""Khakhra(1 Pieces) (1 Medium Size)"", 89]]","[[""Bhakhri(1 Medium Size)"", 130], [""Kadhi(1 Small Bowl)"", 78], [""Potato sabji(1 Small Bowl)"", 118], [""Basondi (1 Small Bowl)"", 275]]","[[""Undhiyu(1 Small Bowl)"", 233], [""VaghareliKhichadi (1 Small Bowl)"", 98], [""Stuffed brinjal(1 Small Bowl)"", 92], [""Watermelon Balls (1 Medium Size)"", 2], [""Groundunt potato subji (1 Small Bowl)"", 156]]"
Tara Thompson,39,Male,91,170,light,2618.69,"[[""Dragon Fruit (1 Medium Size)"", 119], [""Kiwi Fruit (1 Medium Size)"", 42], [""VaghareliKhichadi (1 Small Bowl)"", 98], [""Pudla (sweet)  (1 Medium Size)"", 128], [""VaghareliKhichadi (1 Small Bowl)"", 98], [""Orange (1 Medium Size)"", 46], [""Shingpak (1 Small Piece)"", 70], [""GujratiHandvo  (1 Small Bowl)"", 192]]","[[""Bhakhri(1 Medium Size)"", 130], [""VaghareliKhichadi (1 Small Bowl)"", 98], [""Gooseberry (1 Medium Size)"", 14], [""Tinda fry(2 Table Spoon)"", 25], [""VaghareliKhichadi (1 Small Bowl)"", 98], [""Khir (1 Small Bowl)"", 30], [""Carrot tomato beetroot salad (2 Table Spoon)"", 29], [""Groundunt potato subji (1 Small Bowl)"", 156]]","[[""VaghareliKhichadi (1 Small Bowl)"", 98], [""Sprouted muthsubji(1 Small Bowl)"", 40], [""Kadhi(1 Small Bowl)"", 78], [""Potato poha (rice flakes) (1 Small Bowl)"", 143], [""GujratiHandvo  (1 Small Bowl)"", 192]]"
Steven Lopez,40,Female,93,165,moderate,2577.14,"[[""Pomegranate (1 Medium Size)"", 234], [""Apricot Dried  (1 P)  (1 Medium Size)"", 20], [""VaghareliKhichadi (1 Small Bowl)"", 98], [""Mango (1 Medium Size)"", 249], [""Khakhra(1 Pieces) (1 Medium Size)"", 89], [""Khakhra(1 Pieces) (1 Medium Size)"", 89]]","[[""Kadhi(1 Small Bowl)"", 78], [""Grapes Green (1 Medium Size)"", 3], [""Doodh Pak  (1 Small Bowl)"", 156], [""Groundunt potato subji (1 Small Bowl)"", 156], [""Caggage green salad (2 Table Spoon)"", 25], [""Cabbage potato subji(1 Small Bowl)"", 99], [""Sapota (1 Medium Size)"", 59]]","[[""Carrot tomato beetroot salad (2 Table Spoon)"", 29], [""Kadhi(1 Small Bowl)"", 78], [""Kadhi(1 Small Bowl)"", 78], [""Caggage green salad (2 Table Spoon)"", 25], [""Green gram subji(1 Small Bowl)"", 102], [""Caggage green salad (2 Table Spoon)"", 25], [""Kadhi(1 Small Bowl)"", 78], [""Potato sabji(1 Small Bowl)"", 118], [""Pudla (sweet)  (1 Medium Size)"", 128]]"
Dakota Velazquez MD,87,Female,63,151,extra_active,2147.2,"[[""Chikoo (1 Medium Size)"", 59], [""Litchi (1 Medium Size)"", 6], [""GujratiHandvo  (1 Small Bowl)"", 192], [""Pudla (sweet)  (1 Medium Size)"", 128], [""Medium Pear (1 Medium Size)"", 93], [""GujratiHandvo  (1 Small Bowl)"", 192], [""VaghareliKhichadi (1 Small Bowl)"", 98], [""Chikoo (1 Medium Size)"", 59], [""Groundnut chikki  (1 Small Piece)"", 36], [""Black sesame seeds  Chokki  (1 Small Piece)"", 157]]","[[""Rotla (Bajra)(1 Medium Size)"", 113], [""Sprouted green gram subji(1 Small Bowl)"", 87], [""Paratha(1 Medium Size)"", 118], [""Kadhi(1 Small Bowl)"", 78], [""Roti (1 Medium Size)"", 85], [""Beanspotatosubji (1 Small Bowl)"", 93], [""Stuffed brinjal(1 Small Bowl)"", 92]]","[[""Stuffed tomato(1 Small Bowl)"", 93], [""VaghareliKhichadi (1 Small Bowl)"", 98], [""Caggage green salad (2 Table Spoon)"", 25], [""Mango (1 Medium Size)"", 249], [""Bhakhri(1 Medium Size)"", 130], [""Guava White Flesh (1 Medium Size)"", 48], [""Tomato subji(1 Small Bowl)"", 63]]"
April Shah,68,Male,55,175,moderate,1920.06,"[[""Sapota (1 Medium Size)"", 59], [""Avocado Fruit (Sliced) (1 Medium Size)"", 211], [""Black sesame seeds  Chokki  (1 Small Piece)"", 157], [""Khakhra(1 Pieces) (1 Medium Size)"", 89], [""Muskmelon Fruit (1 Medium Size)"", 27], [""GujratiHandvo  (1 Small Bowl)"", 192]]","[[""Bhakhri(1 Medium Size)"", 130], [""Kadhi(1 Small Bowl)"", 78], [""Steamed stuffed bitter gourd (1 Small Bowl)"", 92], [""Carrot tomato beetroot salad (2 Table Spoon)"", 29], [""Khir (1 Small Bowl)"", 30], [""Cluster beans potato subji (1 Small Bowl)"", 95], [""Black gram dal(1 Small Bowl)"", 684]]","[[""Dosa(1 Medium Size)"", 154], [""Kadhi(1 Small Bowl)"", 78], [""Kadhi(1 Small Bowl)"", 78], [""Rotla (Bajra)(1 Medium Size)"", 113], [""Brinjal potato tomato subji (1 Small Bowl)"", 91], [""Kadhi(1 Small Bowl)"", 78]]"
Rachel Roberts,20,Female,65,156,moderate,2281.25,"[[""Kiwi Fruit (1 Medium Size)"", 42], [""Mandarin Orange(1 Medium Size)"", 63], [""Dal dhokli  (1 Small Bowl)"", 173], [""Khakhra(1 Pieces) (1 Medium Size)"", 89], [""Groundnut chikki  (1 Small Piece)"", 36], [""Khichdi (1 Small Bowl)"", 125], [""Pudla (sweet)  (1 Medium Size)"", 128], [""VaghareliKhichadi (1 Small Bowl)"", 98]]","[[""Paratha(1 Medium Size)"", 118], [""Gooseberry (1 Medium Size)"", 14], [""Doodh Pak  (1 Small Bowl)"", 156], [""Medium Apple (1 Medium Size)"", 107], [""VaghareliKhichadi (1 Small Bowl)"", 98], [""Ridge gourdsubji (1 Small Bowl)"", 52]]","[[""Guava pink Flesh (1 Medium Size)"", 33], [""VaghareliKhichadi (1 Small Bowl)"", 98], [""VaghareliKhichadi (1 Small Bowl)"", 98], [""Rose Apple (1 Medium Size)"", 69], [""Roti (1 Medium Size)"", 85], [""Caggage green salad (2 Table Spoon)"", 25], [""Green gram dal(1 Small Bowl)"", 686]]"
Roberto Bell,96,Male,109,185,moderate,2855.49,"[[""Dragon Fruit (1 Medium Size)"", 119], [""Sapota (1 Medium Size)"", 59], [""Groundnut chikki  (1 Small Piece)"", 36], [""VaghareliKhichadi (1 Small Bowl)"", 98], [""VaghareliKhichadi (1 Small Bowl)"", 98], [""GujratiDhokla  (1 Small Bowl)"", 54], [""Khakhra(1 Pieces) (1 Medium Size)"", 89], [""Cherries Red (1 Medium Size)"", 66], [""Shingpak (1 Small Piece)"", 70], [""Khakhra(1 Pieces) (1 Medium Size)"", 89], [""VaghareliKhichadi (1 Small Bowl)"", 98]]","[[""Bhakhri(1 Medium Size)"", 130], [""Bottle gourd tomato onion subji (1 Small Bowl)"", 54], [""Cluster beans potato subji (1 Small Bowl)"", 95], [""Pomegranate (1 Medium Size)"", 234], [""Undhiyu(1 Small Bowl)"", 233]]","[[""Tinda fry(2 Table Spoon)"", 25], [""Patra(1 Small Bowl)"", 23], [""Kadhi(1 Small Bowl)"", 78], [""Roti (1 Medium Size)"", 85], [""Kadhi(1 Small Bowl)"", 78], [""Caggage green salad (2 Table Spoon)"", 25], [""Red gram dal(1 Small Bowl)"", 116], [""Dosa(1 Medium Size)"", 154], [""Roti (1 Medium Size)"", 85]]"
Olivia Lawson,21,Female,118,150,moderate,3042.4,"[[""Plum(1 Medium Size)"", 34], [""Mandarin Orange(1 Medium Size)"", 63], [""Medium Apple (1 Medium Size)"", 107], [""Kiwi Fruit (1 Medium Size)"", 42], [""Khakhra(1 Pieces) (1 Medium Size)"", 89], [""Guava pink Flesh (1 Medium Size)"", 33], [""Khakhra(1 Pieces) (1 Medium Size)"", 89], [""Groundnut chikki  (1 Small Piece)"", 36], [""VaghareliKhichadi (1 Small Bowl)"", 98], [""Khakhra(1 Pieces) (1 Medium Size)"", 89], [""VaghareliKhichadi (1 Small Bowl)"", 98]]","[[""Paratha(1 Medium Size)"", 118], [""Cabbage potato subji(1 Small Bowl)"", 99], [""Doodh Pak  (1 Small Bowl)"", 156], [""Rotla (Bajra)(1 Medium Size)"", 113], [""Caggage green salad (2 Table Spoon)"", 25], [""Stuffed tomato(1 Small Bowl)"", 93]]","[[""Papaya, Ripe (1 Medium Size)"", 46], [""Idli \u2013 Sambar"", 239], [""Black gram dal(1 Small Bowl)"", 684]]"
Laura Cherry,84,Male,44,174,moderate,1510.48,"[[""Cherries Red (1 Medium Size)"", 66], [""Avocado Fruit (Sliced) (1 Medium Size)"", 211], [""Khakhra(1 Pieces) (1 Medium Size)"", 89], [""Khakhra(1 Pieces) (1 Medium Size)"", 89], [""Khakhra(1 Pieces) (1 Medium Size)"", 89], [""VaghareliKhichadi (1 Small Bowl)"", 98], [""GujratiHandvo  (1 Small Bowl)"", 192]]","[[""Rotla (Bajra)(1 Medium Size)"", 113], [""Kadhi(1 Small Bowl)"", 78], [""Carrot tomato beetroot salad (2 Table Spoon)"", 29], [""Red gram dal(1 Small Bowl)"", 116], [""Tinda potato subji (1 Small Bowl)"", 82], [""Grapes Green (1 Medium Size)"", 3], [""Bottle gourd tomato onion subji (1 Small Bowl)"", 54], [""VaghareliKhichadi (1 Small Bowl)"", 98], [""Sapota (1 Medium Size)"", 59]]","[[""Undhiyu(1 Small Bowl)"", 233], [""Red gram dal(1 Small Bowl)"", 116], [""Caggage green salad (2 Table Spoon)"", 25], [""Idli \u2013 Sambar"", 239]]"
Danielle Allen,60,Male,100,183,light,2683.31,"[[""Apricot Dried  (1 P)  (1 Medium Size)"", 20], [""Dates, Processed (1 Medium Size)"", 35], [""Khakhra(1 Pieces) (1 Medium Size)"", 89], [""Khakhra(1 Pieces) (1 Medium Size)"", 89], [""Groundnut chikki  (1 Small Piece)"", 36], [""Dal dhokli  (1 Small Bowl)"", 173], [""Kiwi Fruit (1 Medium Size)"", 42], [""Shingpak (1 Small Piece)"", 70], [""GujratiDhokla  (1 Small Bowl)"", 54], [""GujratiDhokla  (1 Small Bowl)"", 54], [""VaghareliKhichadi (1 Small Bowl)"", 98]]","[[""Roti (1 Medium Size)"", 85], [""Roti (1 Medium Size)"", 85], [""Steamed stuffed bitter gourd (1 Small Bowl)"", 92], [""Green gram dal(1 Small Bowl)"", 686]]","[[""Spinach corn subji (1 Small Bowl)"", 79], [""Cherries Red (1 Medium Size)"", 66], [""Apricot Dried  (1 P)  (1 Medium Size)"", 20], [""Dosa(1 Medium Size)"", 154], [""Fig(1 Medium Size)"", 37], [""Radious Leaves (1 Small Bowl)"", 47], [""VaghareliKhichadi (1 Small Bowl)"", 98], [""Undhiyu(1 Small Bowl)"", 233]]"
Dawn Goodwin,63,Male,47,177,moderate,1817.38,"[[""Cherries Red (1 Medium Size)"", 66], [""Grapes Green (1 Medium Size)"", 3], [""Sapota (1 Medium Size)"", 59], [""Guava pink Flesh (1 Medium Size)"", 33], [""Khichdi (1 Small Bowl)"", 125], [""VaghareliKhichadi (1 Small Bowl)"", 98], [""Groundnut chikki  (1 Small Piece)"", 36], [""VaghareliKhichadi (1 Small Bowl)"", 98]]","[[""Bhakhri(1 Medium Size)"", 130], [""Undhiyu(1 Small Bowl)"", 233], [""Bottle gourd tomato onion subji (1 Small Bowl)"", 54]]","[[""Horse gram dal(1 Small Bowl)"", 126], [""Sprouted green gram subji(1 Small Bowl)"", 87], [""VaghareliKhichadi (1 Small Bowl)"", 98], [""Kadhi(1 Small Bowl)"", 78]]"
Dr. Matthew Steele,68,Male,63,173,sedentary,1606.5,"[[""Guava pink Flesh (1 Medium Size)"", 33], [""Avocado Fruit (Sliced) (1 Medium Size)"", 211], [""Orange (1 Medium Size)"", 46], [""VaghareliKhichadi (1 Small Bowl)"", 98], [""Khakhra(1 Pieces) (1 Medium Size)"", 89], [""GujratiDhokla  (1 Small Bowl)"", 54], [""Guava White Flesh (1 Medium Size)"", 48], [""VaghareliKhichadi (1 Small Bowl)"", 98], [""Pudla (sweet)  (1 Medium Size)"", 128], [""Khakhra(1 Pieces) (1 Medium Size)"", 89], [""Khakhra(1 Pieces) (1 Medium Size)"", 89]]","[[""Rotla (Bajra)(1 Medium Size)"", 113], [""Tinda fry(2 Table Spoon)"", 25], [""Tinda fry(2 Table Spoon)"", 25], [""Kadhi(1 Small Bowl)"", 78], [""Kadhi(1 Small Bowl)"", 78], [""Roti (1 Medium Size)"", 85], [""VaghareliKhichadi (1 Small Bowl)"", 98], [""Spinach corn subji (1 Small Bowl)"", 79], [""Medium Banana (1 Medium Size)"", 117]]","[[""Fenugreek Leaves  brinjalsubji (1 Small Bowl)"", 63], [""VaghareliKhichadi (1 Small Bowl)"", 98], [""Horse gram dal(1 Small Bowl)"", 126], [""Carrot tomato beetroot salad (2 Table Spoon)"", 29], [""Brinjal potato tomato subji (1 Small Bowl)"", 91], [""Horse gram dal(1 Small Bowl)"", 126], [""GujratiDhokla  (1 Small Bowl)"", 54], [""Tinda fry(2 Table Spoon)"", 25], [""VaghareliKhichadi (1 Small Bowl)"", 98]]"
Richard King,64,Female,120,161,moderate,2791.93,"[[""Kiwi Fruit (1 Medium Size)"", 42], [""Plum(1 Medium Size)"", 34], [""Shingpak (1 Small Piece)"", 70], [""Black sesame seeds  Chokki  (1 Small Piece)"", 157], [""VaghareliKhichadi (1 Small Bowl)"", 98], [""Groundnut chikki  (1 Small Piece)"", 36], [""VaghareliKhichadi (1 Small Bowl)"", 98], [""Khakhra(1 Pieces) (1 Medium Size)"", 89]]","[[""Paratha(1 Medium Size)"", 118], [""Bottle gourd tomato onion subji (1 Small Bowl)"", 54], [""Steamed stuffed bitter gourd (1 Small Bowl)"", 92], [""Cabbage potato subji(1 Small Bowl)"", 99], [""Kadhi(1 Small Bowl)"", 78]]","[[""Pudla (spicy) (1 Medium Size)"", 109], [""Khichdi (1 Small Bowl)"", 125], [""Kadhi(1 Small Bowl)"", 78], [""Horse gram dal(1 Small Bowl)"", 126]]"
Brenda Blackburn,40,Male,108,181,light,3006.44,"[[""Muskmelon Fruit (1 Medium Size)"", 27], [""Mandarin Orange(1 Medium Size)"", 63], [""GujratiHandvo  (1 Small Bowl)"", 192], [""Dal dhokli  (1 Small Bowl)"", 173], [""VaghareliKhichadi (1 Small Bowl)"", 98], [""Dal dhokli  (1 Small Bowl)"", 173], [""Jambu fruit Ripe (1 Medium Size)"", 2], [""VaghareliKhichadi (1 Small Bowl)"", 98], [""Groundnut chikki  (1 Small Piece)"", 36], [""Khakhra(1 Pieces) (1 Medium Size)"", 89]]","[[""Groundunt potato subji (1 Small Bowl)"", 156], [""Basondi (1 Small Bowl)"", 275], [""Sapota (1 Medium Size)"", 59], [""Kadhi(1 Small Bowl)"", 78], [""Kadhi(1 Small Bowl)"", 78], [""Bottle gourd tomato onion subji (1 Small Bowl)"", 54], [""VaghareliKhichadi (1 Small Bowl)"", 98]]","[[""Sprouted green gram subji(1 Small Bowl)"", 87], [""Kadhi(1 Small Bowl)"", 78], [""Brinjalbhartha(1 Small Bowl)"", 70], [""GujratiHandvo  (1 Small Bowl)"", 192], [""Kadhi(1 Small Bowl)"", 78], [""Tinda fry(2 Table Spoon)"", 25], [""Stuffed brinjal(1 Small Bowl)"", 92], [""Plum(1 Medium Size)"", 34], [""VaghareliKhichadi (1 Small Bowl)"", 98]]"
Samantha Sawyer,39,Male,109,161,active,3634.58,"[[""Grapes Black (1 Medium Size)"", 5], [""Litchi (1 Medium Size)"", 6], [""VaghareliKhichadi (1 Small Bowl)"", 98], [""Khakhra(1 Pieces) (1 Medium Size)"", 89], [""VaghareliKhichadi (1 Small Bowl)"", 98], [""VaghareliKhichadi (1 Small Bowl)"", 98], [""Chikoo (1 Medium Size)"", 59], [""Pudla (sweet)  (1 Medium Size)"", 128], [""Khakhra(1 Pieces) (1 Medium Size)"", 89], [""GujratiDhokla  (1 Small Bowl)"", 54]]","[[""Radious Leaves (1 Small Bowl)"", 47], [""Patra(1 Small Bowl)"", 23], [""Tomato subji(1 Small Bowl)"", 63], [""Tomato subji(1 Small Bowl)"", 63], [""VaghareliKhichadi (1 Small Bowl)"", 98], [""Stuffed tomato(1 Small Bowl)"", 93], [""Sprouted green gram subji(1 Small Bowl)"", 87], [""Black gram dal(1 Small Bowl)"", 684]]","[[""Khichdi (1 Small Bowl)"", 125], [""Vegetable daliakhichadi (1 Small Bowl)"", 119], [""Kadhi(1 Small Bowl)"", 78], [""Upma(1 Medium Size)"", 111], [""Steamed stuffed bitter gourd (1 Small Bowl)"", 92], [""Dragon Fruit (1 Medium Size)"", 119]]"
Jennifer Barrera,72,Male,47,165,extra_active,1998.32,"[[""Chikoo (1 Medium Size)"", 59], [""Sapota (1 Medium Size)"", 59], [""Black sesame seeds  Chokki  (1 Small Piece)"", 157], [""Black sesame seeds  Chokki  (1 Small Piece)"", 157], [""Khakhra(1 Pieces) (1 Medium Size)"", 89], [""GujratiHandvo  (1 Small Bowl)"", 192], [""VaghareliKhichadi (1 Small Bowl)"", 98], [""Guava pink Flesh (1 Medium Size)"", 33]]","[[""Bhakhri(1 Medium Size)"", 130], [""VaghareliKhichadi (1 Small Bowl)"", 98], [""Kadhi(1 Small Bowl)"", 78], [""Medium Pear (1 Medium Size)"", 93], [""Roti (1 Medium Size)"", 85], [""Tomato subji(1 Small Bowl)"", 63], [""Fenugreek Leaves  brinjalsubji (1 Small Bowl)"", 63], [""Kadhi(1 Small Bowl)"", 78]]","[[""Patra(1 Small Bowl)"", 23], [""Tinda fry(2 Table Spoon)"", 25], [""VaghareliKhichadi (1 Small Bowl)"", 98], [""Bottle gourd (rice flakes (1 Small Bowl))"", 43], [""Samwa millet potato khichdi (1 Small Bowl)"", 114], [""Rotla (Bajra)(1 Medium Size)"", 113], [""Carrot tomato beetroot salad (2 Table Spoon)"", 29], [""Tinda fry(2 Table Spoon)"", 25], [""Brinjalbhartha(1 Small Bowl)"", 70], [""Potato poha (rice flakes) (1 Small Bowl)"", 143]]"
Patrick Holder,58,Female,54,151,active,2034.89,"[[""Watermelon Balls (1 Medium Size)"", 2], [""Litchi (1 Medium Size)"", 6], [""Pudla (sweet)  (1 Medium Size)"", 128], [""Khakhra(1 Pieces) (1 Medium Size)"", 89], [""Groundnut chikki  (1 Small Piece)"", 36], [""VaghareliKhichadi (1 Small Bowl)"", 98], [""Khakhra(1 Pieces) (1 Medium Size)"", 89], [""Khichdi (1 Small Bowl)"", 125], [""VaghareliKhichadi (1 Small Bowl)"", 98], [""GujratiDhokla  (1 Small Bowl)"", 54], [""VaghareliKhichadi (1 Small Bowl)"", 98], [""VaghareliKhichadi (1 Small Bowl)"", 98]]","[[""Roti (1 Medium Size)"", 85], [""Stuffed tomato(1 Small Bowl)"", 93], [""Tinda fry(2 Table Spoon)"", 25], [""Doodh Pak  (1 Small Bowl)"", 156], [""Fenugreek Leaves  brinjalsubji (1 Small Bowl)"", 63], [""Cabbage potato subji(1 Small Bowl)"", 99], [""Dates, Processed (1 Medium Size)"", 35], [""Sprouted green gram subji(1 Small Bowl)"", 87]]","[[""Kadhi(1 Small Bowl)"", 78], [""Stuffed brinjal(1 Small Bowl)"", 92], [""VaghareliKhichadi (1 Small Bowl)"", 98], [""Steamed stuffed bitter gourd (1 Small Bowl)"", 92], [""Carrot tomato beetroot salad (2 Table Spoon)"", 29], [""Carrot tomato beetroot salad (2 Table Spoon)"", 29], [""Green gram dal(1 Small Bowl)"", 686]]"
Stacey Craig,84,Female,98,150,moderate,2289.33,"[[""Dates, Processed (1 Medium Size)"", 35], [""Dragon Fruit (1 Medium Size)"", 119], [""Mandarin Orange(1 Medium Size)"", 63], [""Black sesame seeds  Chokki  (1 Small Piece)"", 157], [""Khakhra(1 Pieces) (1 Medium Size)"", 89], [""VaghareliKhichadi (1 Small Bowl)"", 98], [""Groundnut chikki  (1 Small Piece)"", 36], [""Khakhra(1 Pieces) (1 Medium Size)"", 89], [""VaghareliKhichadi (1 Small Bowl)"", 98], [""Khakhra(1 Pieces) (1 Medium Size)"", 89]]","[[""Roti (1 Medium Size)"", 85], [""Roti (1 Medium Size)"", 85], [""Shrikhand (1 Small Bowl)"", 393], [""Radious Leaves (1 Small Bowl)"", 47]]","[[""VaghareliKhichadi (1 Small Bowl)"", 98], [""Pulav(1 Small Bowl)"", 133], [""Guava pink Flesh (1 Medium Size)"", 33], [""Roti (1 Medium Size)"", 85], [""Pulav(1 Small Bowl)"", 133], [""Roti (1 Medium Size)"", 85], [""Kadhi(1 Small Bowl)"", 78]]"
Mindy Sherman,40,Female,109,152,light,2463.49,"[[""Fig(1 Medium Size)"", 37], [""Gooseberry (1 Medium Size)"", 14], [""Watermelon Balls (1 Medium Size)"", 2], [""GujratiHandvo  (1 Small Bowl)"", 192], [""Khichdi (1 Small Bowl)"", 125], [""VaghareliKhichadi (1 Small Bowl)"", 98], [""Shingpak (1 Small Piece)"", 70]]","[[""Rotla (Bajra)(1 Medium Size)"", 113], [""Tinda fry(2 Table Spoon)"", 25], [""Green gram dal(1 Small Bowl)"", 686]]","[[""Green gram subji(1 Small Bowl)"", 102], [""Stuffed brinjal(1 Small Bowl)"", 92], [""Cabbage potato subji(1 Small Bowl)"", 99], [""Green gram dal(1 Small Bowl)"", 686]]"
Alicia Garrison,62,Female,50,158,extra_active,2157.71,"[[""Strawberry (1 Medium Size)"", 5], [""Medium Pear (1 Medium Size)"", 93], [""Groundnut chikki  (1 Small Piece)"", 36], [""Dal dhokli  (1 Small Bowl)"", 173], [""Guava White Flesh (1 Medium Size)"", 48], [""VaghareliKhichadi (1 Small Bowl)"", 98], [""Shingpak (1 Small Piece)"", 70], [""GujratiDhokla  (1 Small Bowl)"", 54], [""Kiwi Fruit (1 Medium Size)"", 42], [""Khakhra(1 Pieces) (1 Medium Size)"", 89]]","[[""Roti (1 Medium Size)"", 85], [""Tomato subji(1 Small Bowl)"", 63], [""Tinda fry(2 Table Spoon)"", 25], [""Sprouted green gram subji(1 Small Bowl)"", 87], [""Groundunt potato subji (1 Small Bowl)"", 156], [""VaghareliKhichadi (1 Small Bowl)"", 98]]","[[""Cluster beans potato subji (1 Small Bowl)"", 95], [""Green gram subji(1 Small Bowl)"", 102], [""Tinda fry(2 Table Spoon)"", 25], [""Idli \u2013 Sambar"", 239], [""Bottle gourd (rice flakes (1 Small Bowl))"", 43]]"
Jacqueline French,98,Male,36,180,extra_active,1520.0,"[[""Orange (1 Medium Size)"", 46], [""Grapes Black (1 Medium Size)"", 5], [""Khakhra(1 Pieces) (1 Medium Size)"", 89], [""VaghareliKhichadi (1 Small Bowl)"", 98], [""VaghareliKhichadi (1 Small Bowl)"", 98], [""VaghareliKhichadi (1 Small Bowl)"", 98], [""VaghareliKhichadi (1 Small Bowl)"", 98], [""Black sesame seeds  Chokki  (1 Small Piece)"", 157]]","[[""Roti (1 Medium Size)"", 85], [""Kadhi(1 Small Bowl)"", 78], [""Fenugreek Leaves  brinjalsubji (1 Small Bowl)"", 63], [""Khir (1 Small Bowl)"", 30], [""Radious Leaves (1 Small Bowl)"", 47], [""VaghareliKhichadi (1 Small Bowl)"", 98], [""Ridge gourdsubji (1 Small Bowl)"", 52]]","[[""Green gram subji(1 Small Bowl)"", 102], [""VaghareliKhichadi (1 Small Bowl)"", 98], [""VaghareliKhichadi (1 Small Bowl)"", 98], [""Grapes Black (1 Medium Size)"", 5], [""Tomato subji(1 Small Bowl)"", 63], [""Strawberry (1 Medium Size)"", 5], [""Sprouted muthsubji(1 Small Bowl)"", 40], [""Pavbhaji(1 Small Bowl)"", 376]]"
Francisco Dominguez,88,Female,47,165,light,1372.69,"[[""Avocado Fruit (Sliced) (1 Medium Size)"", 211], [""Muskmelon Fruit (1 Medium Size)"", 27], [""Dates, Processed (1 Medium Size)"", 35], [""Khakhra(1 Pieces) (1 Medium Size)"", 89], [""Plum(1 Medium Size)"", 34], [""Khakhra(1 Pieces) (1 Medium Size)"", 89], [""VaghareliKhichadi (1 Small Bowl)"", 98]]","[[""Rotla (Bajra)(1 Medium Size)"", 113], [""Cabbage potato subji(1 Small Bowl)"", 99], [""Basondi (1 Small Bowl)"", 275]]","[[""Kadhi(1 Small Bowl)"", 78], [""Bottle gourd (rice flakes (1 Small Bowl))"", 43], [""Kadhi(1 Small Bowl)"", 78], [""VaghareliKhichadi (1 Small Bowl)"", 98], [""Fenugreek Leaves  brinjalsubji (1 Small Bowl)"", 63], [""Paratha(1 Medium Size)"", 118]]"
Richard Tucker,84,Male,75,185,sedentary,1746.9,"[[""Mandarin Orange(1 Medium Size)"", 63], [""Pomegranate (1 Medium Size)"", 234], [""VaghareliKhichadi (1 Small Bowl)"", 98], [""Litchi (1 Medium Size)"", 6], [""Khichdi (1 Small Bowl)"", 125], [""Litchi (1 Medium Size)"", 6], [""GujratiHandvo  (1 Small Bowl)"", 192]]","[[""Rotla (Bajra)(1 Medium Size)"", 113], [""Carrot tomato beetroot salad (2 Table Spoon)"", 29], [""Horse gram dal(1 Small Bowl)"", 126], [""Tinda potato subji (1 Small Bowl)"", 82], [""Kadhi(1 Small Bowl)"", 78], [""Kadhi(1 Small Bowl)"", 78], [""Brinjalbhartha(1 Small Bowl)"", 70]]","[[""Mandarin Orange(1 Medium Size)"", 63], [""Caggage green salad (2 Table Spoon)"", 25], [""Pulav(1 Small Bowl)"", 133], [""Green gram dal(1 Small Bowl)"", 686]]"
Chase Clark,39,Female,93,167,moderate,2590.12,"[[""Muskmelon Fruit (1 Medium Size)"", 27], [""Fig(1 Medium Size)"", 37], [""VaghareliKhichadi (1 Small Bowl)"", 98], [""VaghareliKhichadi (1 Small Bowl)"", 98], [""Groundnut chikki  (1 Small Piece)"", 36], [""Groundnut chikki  (1 Small Piece)"", 36], [""Pudla (sweet)  (1 Medium Size)"", 128], [""Groundnut chikki  (1 Small Piece)"", 36], [""Khichdi (1 Small Bowl)"", 125], [""Papaya, Ripe (1 Medium Size)"", 46], [""GujratiHandvo  (1 Small Bowl)"", 192]]","[[""Rotla (Bajra)(1 Medium Size)"", 113], [""Tinda potato subji (1 Small Bowl)"", 82], [""Stuffed tomato(1 Small Bowl)"", 93], [""VaghareliKhichadi (1 Small Bowl)"", 98], [""Shrikhand (1 Small Bowl)"", 393]]","[[""Idli \u2013 Sambar"", 239], [""Pudla (spicy) (1 Medium Size)"", 109], [""Grapes Black (1 Medium Size)"", 5], [""Green gram subji(1 Small Bowl)"", 102], [""Carrot tomato beetroot salad (2 Table Spoon)"", 29], [""Pudla (spicy) (1 Medium Size)"", 109]]"
Paul Baker,96,Female,116,154,sedentary,1920.49,"[[""Medium Pear (1 Medium Size)"", 93], [""Orange (1 Medium Size)"", 46], [""Black sesame seeds  Chokki  (1 Small Piece)"", 157], [""Khichdi (1 Small Bowl)"", 125], [""VaghareliKhichadi (1 Small Bowl)"", 98], [""VaghareliKhichadi (1 Small Bowl)"", 98], [""VaghareliKhichadi (1 Small Bowl)"", 98], [""Khakhra(1 Pieces) (1 Medium Size)"", 89]]","[[""Paratha(1 Medium Size)"", 118], [""Kadhi(1 Small Bowl)"", 78], [""Dates, Processed (1 Medium Size)"", 35], [""Khir (1 Small Bowl)"", 30], [""Cabbage potato subji(1 Small Bowl)"", 99], [""Fenugreek Leaves  brinjalsubji (1 Small Bowl)"", 63], [""Doodh Pak  (1 Small Bowl)"", 156]]","[[""Fig(1 Medium Size)"", 37], [""Khichdi (1 Small Bowl)"", 125], [""VaghareliKhichadi (1 Small Bowl)"", 98], [""Brinjalbhartha(1 Small Bowl)"", 70], [""Tomato subji(1 Small Bowl)"", 63], [""Beanspotatosubji (1 Small Bowl)"", 93], [""Beanspotatosubji (1 Small Bowl)"", 93]]"
Stephanie Grimes,64,Male,36,179,extra_active,1946.55,"[[""Litchi (1 Medium Size)"", 6], [""Dates, Processed (1 Medium Size)"", 35], [""Black sesame seeds  Chokki  (1 Small Piece)"", 157], [""VaghareliKhichadi (1 Small Bowl)"", 98], [""Khakhra(1 Pieces) (1 Medium Size)"", 89], [""Khakhra(1 Pieces) (1 Medium Size)"", 89], [""Pudla (sweet)  (1 Medium Size)"", 128]]","[[""Roti (1 Medium Size)"", 85], [""VaghareliKhichadi (1 Small Bowl)"", 98], [""Tinda fry(2 Table Spoon)"", 25], [""Caggage green salad (2 Table Spoon)"", 25], [""Steamed stuffed bitter gourd (1 Small Bowl)"", 92], [""Brinjalbhartha(1 Small Bowl)"", 70]]","[[""Kadhi(1 Small Bowl)"", 78], [""Caggage green salad (2 Table Spoon)"", 25], [""Pudla (spicy) (1 Medium Size)"", 109], [""Radious Leaves (1 Small Bowl)"", 47], [""Sukhabhel(1 Small Bowl)"", 8], [""Green gram dal(1 Small Bowl)"", 686]]"
Curtis Johnson,23,Female,88,157,moderate,2603.3,"[[""Gooseberry (1 Medium Size)"", 14], [""Pomegranate (1 Medium Size)"", 234], [""Groundnut chikki  (1 Small Piece)"", 36], [""VaghareliKhichadi (1 Small Bowl)"", 98], [""GujratiDhokla  (1 Small Bowl)"", 54], [""Khakhra(1 Pieces) (1 Medium Size)"", 89], [""Khakhra(1 Pieces) (1 Medium Size)"", 89]]","[[""Paratha(1 Medium Size)"", 118], [""Bhakhri(1 Medium Size)"", 130], [""Apricot Dried  (1 P)  (1 Medium Size)"", 20], [""Tinda potato subji (1 Small Bowl)"", 82], [""Paratha(1 Medium Size)"", 118]]","[[""Steamed stuffed bitter gourd (1 Small Bowl)"", 92], [""Paratha(1 Medium Size)"", 118], [""Carrot tomato beetroot salad (2 Table Spoon)"", 29], [""Pudla (spicy) (1 Medium Size)"", 109], [""Sprouted muthsubji(1 Small Bowl)"", 40], [""Cabbage potato subji(1 Small Bowl)"", 99]]"
Paul Koch,98,Male,103,183,active,2995.03,"[[""Rose Apple (1 Medium Size)"", 69], [""Pomegranate (1 Medium Size)"", 234], [""VaghareliKhichadi (1 Small Bowl)"", 98], [""VaghareliKhichadi (1 Small Bowl)"", 98]]","[[""VaghareliKhichadi (1 Small Bowl)"", 98], [""Black gram dal(1 Small Bowl)"", 684]]","[[""Bottle gourd (rice flakes (1 Small Bowl))"", 43], [""Caggage green salad (2 Table Spoon)"", 25], [""Caggage green salad (2 Table Spoon)"", 25], [""Green gram subji(1 Small Bowl)"", 102], [""Dosa(1 Medium Size)"", 154], [""GujratiHandvo  (1 Small Bowl)"", 192]]"
Trevor Stewart,37,Female,77,159,active,2609.22,"[[""Pomegranate (1 Medium Size)"", 234], [""Mandarin Orange(1 Medium Size)"", 63], [""GujratiDhokla  (1 Small Bowl)"", 54], [""Groundnut chikki  (1 Small Piece)"", 36], [""Khakhra(1 Pieces) (1 Medium Size)"", 89], [""Khakhra(1 Pieces) (1 Medium Size)"", 89], [""Fig(1 Medium Size)"", 37], [""Guava pink Flesh (1 Medium Size)"", 33], [""GujratiHandvo  (1 Small Bowl)"", 192], [""Khichdi (1 Small Bowl)"", 125]]","[[""Roti (1 Medium Size)"", 85], [""Litchi (1 Medium Size)"", 6], [""Cabbage potato subji(1 Small Bowl)"", 99], [""Brinjal potato tomato subji (1 Small Bowl)"", 91], [""Carrot tomato beetroot salad (2 Table Spoon)"", 29], [""Undhiyu(1 Small Bowl)"", 233], [""Undhiyu(1 Small Bowl)"", 233]]","[[""Steamed stuffed bitter gourd (1 Small Bowl)"", 92], [""VaghareliKhichadi (1 Small Bowl)"", 98], [""Black gram dal(1 Small Bowl)"", 684]]"
Keith Salinas,38,Male,74,174,active,2928.19,"[[""Fig(1 Medium Size)"", 37], [""Strawberry (1 Medium Size)"", 5], [""GujratiDhokla  (1 Small Bowl)"", 54], [""Grapes Black (1 Medium Size)"", 5], [""Khakhra(1 Pieces) (1 Medium Size)"", 89], [""VaghareliKhichadi (1 Small Bowl)"", 98], [""Khakhra(1 Pieces) (1 Medium Size)"", 89], [""VaghareliKhichadi (1 Small Bowl)"", 98], [""Gooseberry (1 Medium Size)"", 14], [""Khakhra(1 Pieces) (1 Medium Size)"", 89], [""GujratiHandvo  (1 Small Bowl)"", 192]]","[[""Rotla (Bajra)(1 Medium Size)"", 113], [""Khir (1 Small Bowl)"", 30], [""Horse gram dal(1 Small Bowl)"", 126], [""Red gram dal(1 Small Bowl)"", 116], [""Bhakhri(1 Medium Size)"", 130]]","[[""GujratiDhokla  (1 Small Bowl)"", 54], [""Pulav(1 Small Bowl)"", 133], [""Sprouted green gram subji(1 Small Bowl)"", 87], [""Samwa millet potato khichdi (1 Small Bowl)"", 114], [""Patra(1 Small Bowl)"", 23], [""Dal dhokli  (1 Small Bowl)"", 173]]"
Timothy Lester,51,Female,41,156,active,1892.85,"[[""Medium Apple (1 Medium Size)"", 107], [""Dates, Processed (1 Medium Size)"", 35], [""VaghareliKhichadi (1 Small Bowl)"", 98], [""Black sesame seeds  Chokki  (1 Small Piece)"", 157], [""VaghareliKhichadi (1 Small Bowl)"", 98], [""Grapes Black (1 Medium Size)"", 5], [""Strawberry (1 Medium Size)"", 5], [""Groundnut chikki  (1 Small Piece)"", 36], [""Strawberry (1 Medium Size)"", 5], [""Black sesame seeds  Chokki  (1 Small Piece)"", 157]]","[[""Paratha(1 Medium Size)"", 118], [""Doodh Pak  (1 Small Bowl)"", 156], [""Brinjalbhartha(1 Small Bowl)"", 70], [""Kadhi(1 Small Bowl)"", 78], [""Shrikhand (1 Small Bowl)"", 393]]","[[""Muskmelon Fruit (1 Medium Size)"", 27], [""Patra(1 Small Bowl)"", 23], [""Pudla (spicy) (1 Medium Size)"", 109], [""Paratha(1 Medium Size)"", 118], [""Dal dhokli  (1 Small Bowl)"", 173], [""Kadhi(1 Small Bowl)"", 78]]"
Steven Young,85,Male,112,160,extra_active,3482.22,"[[""Medium Apple (1 Medium Size)"", 107], [""Guava White Flesh (1 Medium Size)"", 48], [""VaghareliKhichadi (1 Small Bowl)"", 98], [""Shingpak (1 Small Piece)"", 70], [""Orange (1 Medium Size)"", 46], [""VaghareliKhichadi (1 Small Bowl)"", 98], [""Dal dhokli  (1 Small Bowl)"", 173], [""Black sesame seeds  Chokki  (1 Small Piece)"", 157], [""Khakhra(1 Pieces) (1 Medium Size)"", 89]]","[[""Roti (1 Medium Size)"", 85], [""VaghareliKhichadi (1 Small Bowl)"", 98], [""Kadhi(1 Small Bowl)"", 78], [""Stuffed brinjal(1 Small Bowl)"", 92], [""Litchi (1 Medium Size)"", 6], [""Cabbage potato subji(1 Small Bowl)"", 99], [""Doodh Pak  (1 Small Bowl)"", 156], [""Cabbage potato subji(1 Small Bowl)"", 99]]","[[""Idli \u2013 Sambar"", 239], [""Horse gram dal(1 Small Bowl)"", 126], [""Cherries Red (1 Medium Size)"", 66], [""Pomegranate (1 Medium Size)"", 234]]"
Holly Foster,97,Male,87,172,active,2532.3,"[[""Watermelon Balls (1 Medium Size)"", 2], [""Kiwi Fruit (1 Medium Size)"", 42], [""Dates, Processed (1 Medium Size)"", 35], [""VaghareliKhichadi (1 Small Bowl)"", 98], [""Khakhra(1 Pieces) (1 Medium Size)"", 89], [""Mango (1 Medium Size)"", 249], [""Khakhra(1 Pieces) (1 Medium Size)"", 89], [""VaghareliKhichadi (1 Small Bowl)"", 98], [""VaghareliKhichadi (1 Small Bowl)"", 98]]","[[""Bhakhri(1 Medium Size)"", 130], [""Sprouted green gram subji(1 Small Bowl)"", 87], [""Roti (1 Medium Size)"", 85], [""Stuffed tomato(1 Small Bowl)"", 93], [""Rotla (Bajra)(1 Medium Size)"", 113], [""Guava pink Flesh (1 Medium Size)"", 33], [""Kadhi(1 Small Bowl)"", 78]]","[[""Khichdi (1 Small Bowl)"", 125], [""Kadhi(1 Small Bowl)"", 78], [""VaghareliKhichadi (1 Small Bowl)"", 98], [""Ridge gourdsubji (1 Small Bowl)"", 52], [""VaghareliKhichadi (1 Small Bowl)"", 98], [""Plum(1 Medium Size)"", 34], [""Black gram dal(1 Small Bowl)"", 684]]"
Mark Walton,26,Male,43,173,moderate,2088.24,"[[""Mango (1 Medium Size)"", 249], [""Gooseberry (1 Medium Size)"", 14], [""Shingpak (1 Small Piece)"", 70], [""Shingpak (1 Small Piece)"", 70], [""Groundnut chikki  (1 Small Piece)"", 36], [""Muskmelon Fruit (1 Medium Size)"", 27], [""Khakhra(1 Pieces) (1 Medium Size)"", 89], [""Shingpak (1 Small Piece)"", 70], [""Gooseberry (1 Medium Size)"", 14], [""Strawberry (1 Medium Size)"", 5]]","[[""Bhakhri(1 Medium Size)"", 130], [""Radious Leaves (1 Small Bowl)"", 47], [""Paratha(1 Medium Size)"", 118], [""Rotla (Bajra)(1 Medium Size)"", 113], [""Kadhi(1 Small Bowl)"", 78]]","[[""Carrot tomato beetroot salad (2 Table Spoon)"", 29], [""Brinjal potato tomato subji (1 Small Bowl)"", 91], [""VaghareliKhichadi (1 Small Bowl)"", 98], [""Pavbhaji(1 Small Bowl)"", 376]]"
Megan Jacobs,62,Male,94,180,active,3174.86,"[[""Litchi (1 Medium Size)"", 6], [""Mango (1 Medium Size)"", 249], [""Gooseberry (1 Medium Size)"", 14], [""Shingpak (1 Small Piece)"", 70], [""Black sesame seeds  Chokki  (1 Small Piece)"", 157], [""Khakhra(1 Pieces) (1 Medium Size)"", 89], [""Medium Banana (1 Medium Size)"", 117], [""VaghareliKhichadi (1 Small Bowl)"", 98], [""Khakhra(1 Pieces) (1 Medium Size)"", 89], [""Khakhra(1 Pieces) (1 Medium Size)"", 89]]","[[""Paratha(1 Medium Size)"", 118], [""Kadhi(1 Small Bowl)"", 78], [""Sprouted green gram subji(1 Small Bowl)"", 87], [""Basondi (1 Small Bowl)"", 275], [""Green gram dal(1 Small Bowl)"", 686]]","[[""Rotla (Bajra)(1 Medium Size)"", 113], [""Tinda potato subji (1 Small Bowl)"", 82], [""Potatocauliflowerkhichadi (1 Small Bowl)"", 25], [""Steamed stuffed bitter gourd (1 Small Bowl)"", 92], [""Cauliflower potato subji  (1 Small Bowl)"", 95], [""Dal dhokli  (1 Small Bowl)"", 173], [""Tinda fry(2 Table Spoon)"", 25], [""Kadhi(1 Small Bowl)"", 78], [""VaghareliKhichadi (1 Small Bowl)"", 98]]"
Dana Hernandez,24,Male,107,178,extra_active,4304.93,"[[""Mango (1 Medium Size)"", 249], [""Papaya, Ripe (1 Medium Size)"", 46], [""VaghareliKhichadi (1 Small Bowl)"", 98], [""Khakhra(1 Pieces) (1 Medium Size)"", 89], [""Shingpak (1 Small Piece)"", 70], [""Khakhra(1 Pieces) (1 Medium Size)"", 89], [""Groundnut chikki  (1 Small Piece)"", 36], [""Dragon Fruit (1 Medium Size)"", 119]]","[[""Paratha(1 Medium Size)"", 118], [""Cabbage potato subji(1 Small Bowl)"", 99], [""Horse gram dal(1 Small Bowl)"", 126], [""Tinda fry(2 Table Spoon)"", 25], [""Cabbage potato subji(1 Small Bowl)"", 99], [""Kadhi(1 Small Bowl)"", 78]]","[[""Pudla (spicy) (1 Medium Size)"", 109], [""Horse gram dal(1 Small Bowl)"", 126], [""VaghareliKhichadi (1 Small Bowl)"", 98], [""VaghareliKhichadi (1 Small Bowl)"", 98], [""Stuffed tomato(1 Small Bowl)"", 93], [""Radious Leaves (1 Small Bowl)"", 47]]"
Lance Watson DVM,92,Female,43,157,moderate,1436.18,"[[""Medium Apple (1 Medium Size)"", 107], [""Grapes Green (1 Medium Size)"", 3], [""VaghareliKhichadi (1 Small Bowl)"", 98], [""Groundnut chikki  (1 Small Piece)"", 36], [""GujratiDhokla  (1 Small Bowl)"", 54], [""Groundnut chikki  (1 Small Piece)"", 36], [""VaghareliKhichadi (1 Small Bowl)"", 98], [""Khichdi (1 Small Bowl)"", 125]]","[[""Roti (1 Medium Size)"", 85], [""Ridge gourdsubji (1 Small Bowl)"", 52], [""Black gram dal(1 Small Bowl)"", 684]]","[[""Orange (1 Medium Size)"", 46], [""Undhiyu(1 Small Bowl)"", 233], [""Potatocauliflowerkhichadi (1 Small Bowl)"", 25], [""VaghareliKhichadi (1 Small Bowl)"", 98]]"
Todd Marshall,94,Male,47,174,extra_active,1801.67,"[[""Mango (1 Medium Size)"", 249], [""Grapes Green (1 Medium Size)"", 3], [""Khakhra(1 Pieces) (1 Medium Size)"", 89], [""Dal dhokli  (1 Small Bowl)"", 173], [""Black sesame seeds  Chokki  (1 Small Piece)"", 157], [""Sapota (1 Medium Size)"", 59]]","[[""Bhakhri(1 Medium Size)"", 130], [""Tomato subji(1 Small Bowl)"", 63], [""Undhiyu(1 Small Bowl)"", 233], [""Caggage green salad (2 Table Spoon)"", 25], [""Sprouted muthsubji(1 Small Bowl)"", 40], [""Sprouted muthsubji(1 Small Bowl)"", 40]]","[[""Spinach corn subji (1 Small Bowl)"", 79], [""Carrot tomato beetroot salad (2 Table Spoon)"", 29], [""Carrot tomato beetroot salad (2 Table Spoon)"", 29], [""Carrot tomato beetroot salad (2 Table Spoon)"", 29], [""Kadhi(1 Small Bowl)"", 78], [""VaghareliKhichadi (1 Small Bowl)"", 98], [""Caggage green salad (2 Table Spoon)"", 25], [""Tinda fry(2 Table Spoon)"", 25], [""Kadhi(1 Small Bowl)"", 78], [""Khichdi (1 Small Bowl)"", 125]]"
Mitchell Dean,20,Female,100,155,sedentary,2165.56,"[[""Dragon Fruit (1 Medium Size)"", 119], [""Dates, Processed (1 Medium Size)"", 35], [""Shingpak (1 Small Piece)"", 70], [""Khakhra(1 Pieces) (1 Medium Size)"", 89], [""Jambu fruit Ripe (1 Medium Size)"", 2], [""VaghareliKhichadi (1 Small Bowl)"", 98], [""Shingpak (1 Small Piece)"", 70], [""VaghareliKhichadi (1 Small Bowl)"", 98], [""VaghareliKhichadi (1 Small Bowl)"", 98]]","[[""Bhakhri(1 Medium Size)"", 130], [""Steamed stuffed bitter gourd (1 Small Bowl)"", 92], [""Tinda fry(2 Table Spoon)"", 25], [""Shrikhand (1 Small Bowl)"", 393]]","[[""Cabbage potato subji(1 Small Bowl)"", 99], [""Dal dhokli  (1 Small Bowl)"", 173], [""Vegetable daliakhichadi (1 Small Bowl)"", 119], [""Beanspotatosubji (1 Small Bowl)"", 93]]"
Sharon Martinez,99,Male,78,161,moderate,1977.41,"[[""Litchi (1 Medium Size)"", 6], [""Pomegranate (1 Medium Size)"", 234], [""Pudla (sweet)  (1 Medium Size)"", 128], [""Medium Pear (1 Medium Size)"", 93], [""Shingpak (1 Small Piece)"", 70], [""Khakhra(1 Pieces) (1 Medium Size)"", 89]]","[[""Bhakhri(1 Medium Size)"", 130], [""Tinda fry(2 Table Spoon)"", 25], [""Rotla (Bajra)(1 Medium Size)"", 113], [""Dragon Fruit (1 Medium Size)"", 119], [""Tinda potato subji (1 Small Bowl)"", 82]]","[[""Green gram dal(1 Small Bowl)"", 686]]"
Lauren Bean DDS,29,Female,73,152,light,2060.84,"[[""Fig(1 Medium Size)"", 37], [""Fig(1 Medium Size)"", 37], [""GujratiDhokla  (1 Small Bowl)"", 54], [""Khakhra(1 Pieces) (1 Medium Size)"", 89], [""VaghareliKhichadi (1 Small Bowl)"", 98], [""Plum(1 Medium Size)"", 34], [""Khakhra(1 Pieces) (1 Medium Size)"", 89], [""Khakhra(1 Pieces) (1 Medium Size)"", 89]]","[[""Brinjalbhartha(1 Small Bowl)"", 70], [""Roti (1 Medium Size)"", 85], [""Cherries Red (1 Medium Size)"", 66], [""Green gram dal(1 Small Bowl)"", 686]]","[[""Potato sabji(1 Small Bowl)"", 118], [""Undhiyu(1 Small Bowl)"", 233], [""Fenugreek Leaves  brinjalsubji (1 Small Bowl)"", 63]]"
Amber Olson,22,Male,77,165,moderate,2792.71,"[[""Dates, Processed (1 Medium Size)"", 35], [""Strawberry (1 Medium Size)"", 5], [""Grapes Green (1 Medium Size)"", 3], [""Black sesame seeds  Chokki  (1 Small Piece)"", 157], [""Khakhra(1 Pieces) (1 Medium Size)"", 89], [""GujratiDhokla  (1 Small Bowl)"", 54], [""VaghareliKhichadi (1 Small Bowl)"", 98], [""Litchi (1 Medium Size)"", 6], [""Black sesame seeds  Chokki  (1 Small Piece)"", 157]]","[[""Paratha(1 Medium Size)"", 118], [""Kiwi Fruit (1 Medium Size)"", 42], [""Basondi (1 Small Bowl)"", 275]]","[[""Ridge gourdsubji (1 Small Bowl)"", 52], [""Muskmelon Fruit (1 Medium Size)"", 27], [""Paratha(1 Medium Size)"", 118], [""Tinda potato subji (1 Small Bowl)"", 82], [""Potato sabji(1 Small Bowl)"", 118], [""Potato poha (rice flakes) (1 Small Bowl)"", 143]]"
Abigail Anderson,73,Female,49,150,light,1457.28,"[[""Dates, Processed (1 Medium Size)"", 35], [""Guava pink Flesh (1 Medium Size)"", 33], [""VaghareliKhichadi (1 Small Bowl)"", 98], [""Khakhra(1 Pieces) (1 Medium Size)"", 89], [""Khakhra(1 Pieces) (1 Medium Size)"", 89], [""Khakhra(1 Pieces) (1 Medium Size)"", 89], [""Pineapple (1 Medium Size)"", 416], [""Khakhra(1 Pieces) (1 Medium Size)"", 89], [""Papaya, Ripe (1 Medium Size)"", 46], [""Khakhra(1 Pieces) (1 Medium Size)"", 89]]","[[""Tinda fry(2 Table Spoon)"", 25], [""Kadhi(1 Small Bowl)"", 78], [""Caggage green salad (2 Table Spoon)"", 25], [""Tinda fry(2 Table Spoon)"", 25], [""Patra(1 Small Bowl)"", 23], [""Basondi (1 Small Bowl)"", 275], [""Paratha(1 Medium Size)"", 118], [""Potato sabji(1 Small Bowl)"", 118], [""Carrot tomato beetroot salad (2 Table Spoon)"", 29], [""Green gram subji(1 Small Bowl)"", 102]]","[[""Undhiyu(1 Small Bowl)"", 233], [""GujratiDhokla  (1 Small Bowl)"", 54], [""Samwa millet potato khichdi (1 Small Bowl)"", 114], [""Pudla (spicy) (1 Medium Size)"", 109], [""Pudla (sweet)  (1 Medium Size)"", 128], [""VaghareliKhichadi (1 Small Bowl)"", 98], [""Green gram dal(1 Small Bowl)"", 686]]"
Jody Phillips,82,Male,74,176,sedentary,1692.6,"[[""Pineapple (1 Medium Size)"", 416], [""Guava pink Flesh (1 Medium Size)"", 33], [""Groundnut chikki  (1 Small Piece)"", 36], [""Shingpak (1 Small Piece)"", 70], [""VaghareliKhichadi (1 Small Bowl)"", 98]]","[[""Stuffed brinjal(1 Small Bowl)"", 92], [""Cabbage potato subji(1 Small Bowl)"", 99], [""Tinda fry(2 Table Spoon)"", 25], [""Potato sabji(1 Small Bowl)"", 118], [""Patra(1 Small Bowl)"", 23], [""Doodh Pak  (1 Small Bowl)"", 156]]","[[""Sprouted muthsubji(1 Small Bowl)"", 40], [""Patra(1 Small Bowl)"", 23], [""Tomato subji(1 Small Bowl)"", 63], [""Papaya, Ripe (1 Medium Size)"", 46], [""Cabbage potato subji(1 Small Bowl)"", 99], [""Bhakhri(1 Medium Size)"", 130], [""Paratha(1 Medium Size)"", 118]]"
Brooke Cobb,72,Female,40,156,active,1706.97,"[[""Cherries Red (1 Medium Size)"", 66], [""Rose Apple (1 Medium Size)"", 69], [""Groundnut chikki  (1 Small Piece)"", 36], [""Groundnut chikki  (1 Small Piece)"", 36], [""Groundnut chikki  (1 Small Piece)"", 36], [""GujratiDhokla  (1 Small Bowl)"", 54], [""Rose Apple (1 Medium Size)"", 69], [""Sapota (1 Medium Size)"", 59], [""VaghareliKhichadi (1 Small Bowl)"", 98], [""Khakhra(1 Pieces) (1 Medium Size)"", 89], [""Litchi (1 Medium Size)"", 6], [""VaghareliKhichadi (1 Small Bowl)"", 98], [""GujratiDhokla  (1 Small Bowl)"", 54], [""VaghareliKhichadi (1 Small Bowl)"", 98], [""Black sesame seeds  Chokki  (1 Small Piece)"", 157]]","[[""Paratha(1 Medium Size)"", 118], [""Spinach corn subji (1 Small Bowl)"", 79], [""Khir (1 Small Bowl)"", 30], [""VaghareliKhichadi (1 Small Bowl)"", 98], [""Doodh Pak  (1 Small Bowl)"", 156], [""Kadhi(1 Small Bowl)"", 78], [""Patra(1 Small Bowl)"", 23], [""Doodh Pak  (1 Small Bowl)"", 156]]","[[""Tomato subji(1 Small Bowl)"", 63], [""Bhakhri(1 Medium Size)"", 130], [""VaghareliKhichadi (1 Small Bowl)"", 98], [""Vegetable daliakhichadi (1 Small Bowl)"", 119], [""Brinjalbhartha(1 Small Bowl)"", 70], [""Pavbhaji(1 Small Bowl)"", 376]]"
Tiffany Huff,38,Male,102,180,active,3644.06,"[[""Grapes Black (1 Medium Size)"", 5], [""Rose Apple (1 Medium Size)"", 69], [""Khakhra(1 Pieces) (1 Medium Size)"", 89], [""Khakhra(1 Pieces) (1 Medium Size)"", 89], [""Groundnut chikki  (1 Small Piece)"", 36], [""Pudla (sweet)  (1 Medium Size)"", 128], [""Black sesame seeds  Chokki  (1 Small Piece)"", 157], [""VaghareliKhichadi (1 Small Bowl)"", 98]]","[[""Rotla (Bajra)(1 Medium Size)"", 113], [""Roti (1 Medium Size)"", 85], [""Orange (1 Medium Size)"", 46], [""Chikoo (1 Medium Size)"", 59], [""Khir (1 Small Bowl)"", 30], [""Tinda potato subji (1 Small Bowl)"", 82], [""Caggage green salad (2 Table Spoon)"", 25]]","[[""VaghareliKhichadi (1 Small Bowl)"", 98], [""Potato sabji(1 Small Bowl)"", 118], [""Tomato subji(1 Small Bowl)"", 63], [""Khichdi (1 Small Bowl)"", 125], [""GujratiHandvo  (1 Small Bowl)"", 192]]"
Evelyn Cruz,77,Female,61,164,moderate,1831.78,"[[""Jambu fruit Ripe (1 Medium Size)"", 2], [""Sapota (1 Medium Size)"", 59], [""Dates, Processed (1 Medium Size)"", 35], [""Khakhra(1 Pieces) (1 Medium Size)"", 89], [""Khakhra(1 Pieces) (1 Medium Size)"", 89], [""Sapota (1 Medium Size)"", 59], [""Jambu fruit Ripe (1 Medium Size)"", 2], [""VaghareliKhichadi (1 Small Bowl)"", 98], [""VaghareliKhichadi (1 Small Bowl)"", 98], [""Khakhra(1 Pieces) (1 Medium Size)"", 89], [""Mandarin Orange(1 Medium Size)"", 63], [""Khakhra(1 Pieces) (1 Medium Size)"", 89], [""Khakhra(1 Pieces) (1 Medium Size)"", 89], [""Khakhra(1 Pieces) (1 Medium Size)"", 89], [""GujratiDhokla  (1 Small Bowl)"", 54]]","[[""Bhakhri(1 Medium Size)"", 130], [""Bhakhri(1 Medium Size)"", 130], [""Stuffed tomato(1 Small Bowl)"", 93], [""Horse gram dal(1 Small Bowl)"", 126], [""Bhakhri(1 Medium Size)"", 130], [""Tinda potato subji (1 Small Bowl)"", 82], [""Green gram dal(1 Small Bowl)"", 686]]","[[""Bottle gourd tomato onion subji (1 Small Bowl)"", 54], [""Watermelon Balls (1 Medium Size)"", 2], [""Medium Banana (1 Medium Size)"", 117], [""Green gram dal(1 Small Bowl)"", 686]]"
Laura Delgado,51,Female,69,167,moderate,2147.4,"[[""Kiwi Fruit (1 Medium Size)"", 42], [""Strawberry (1 Medium Size)"", 5], [""GujratiDhokla  (1 Small Bowl)"", 54], [""Khakhra(1 Pieces) (1 Medium Size)"", 89], [""Pineapple (1 Medium Size)"", 416]]","[[""Roti (1 Medium Size)"", 85], [""Doodh Pak  (1 Small Bowl)"", 156], [""Paratha(1 Medium Size)"", 118], [""Kadhi(1 Small Bowl)"", 78]]","[[""Grapes Black (1 Medium Size)"", 5], [""Dal dhokli  (1 Small Bowl)"", 173], [""Stuffed tomato(1 Small Bowl)"", 93], [""VaghareliKhichadi (1 Small Bowl)"", 98], [""Pudla (sweet)  (1 Medium Size)"", 128]]"
Cameron Reeves,95,Male,72,166,sedentary,1494.3,"[[""Pineapple (1 Medium Size)"", 416], [""Grapes Green (1 Medium Size)"", 3], [""VaghareliKhichadi (1 Small Bowl)"", 98], [""VaghareliKhichadi (1 Small Bowl)"", 98]]","[[""Bhakhri(1 Medium Size)"", 130], [""Kadhi(1 Small Bowl)"", 78], [""Rotla (Bajra)(1 Medium Size)"", 113], [""VaghareliKhichadi (1 Small Bowl)"", 98], [""VaghareliKhichadi (1 Small Bowl)"", 98]]","[[""Steamed stuffed bitter gourd (1 Small Bowl)"", 92], [""Kadhi(1 Small Bowl)"", 78], [""Kadhi(1 Small Bowl)"", 78], [""VaghareliKhichadi (1 Small Bowl)"", 98], [""Tomato subji(1 Small Bowl)"", 63], [""Horse gram dal(1 Small Bowl)"", 126]]"
Victoria Barnett,62,Male,37,166,extra_active,1874.82,"[[""Dates, Processed (1 Medium Size)"", 35], [""Strawberry (1 Medium Size)"", 5], [""VaghareliKhichadi (1 Small Bowl)"", 98], [""GujratiHandvo  (1 Small Bowl)"", 192], [""VaghareliKhichadi (1 Small Bowl)"", 98], [""VaghareliKhichadi (1 Small Bowl)"", 98], [""GujratiHandvo  (1 Small Bowl)"", 192], [""Groundnut chikki  (1 Small Piece)"", 36], [""GujratiDhokla  (1 Small Bowl)"", 54], [""Black sesame seeds  Chokki  (1 Small Piece)"", 157]]","[[""Paratha(1 Medium Size)"", 118], [""Tomato subji(1 Small Bowl)"", 63], [""Tinda potato subji (1 Small Bowl)"", 82], [""Sprouted green gram subji(1 Small Bowl)"", 87], [""Caggage green salad (2 Table Spoon)"", 25], [""Radious Leaves (1 Small Bowl)"", 47], [""VaghareliKhichadi (1 Small Bowl)"", 98], [""Spinach corn subji (1 Small Bowl)"", 79], [""VaghareliKhichadi (1 Small Bowl)"", 98]]","[[""Kadhi(1 Small Bowl)"", 78], [""Roti (1 Medium Size)"", 85], [""Carrot tomato beetroot salad (2 Table Spoon)"", 29], [""Potato sabji(1 Small Bowl)"", 118], [""Tinda fry(2 Table Spoon)"", 25], [""Ridge gourdsubji (1 Small Bowl)"", 52], [""Tomato subji(1 Small Bowl)"", 63], [""Pudla (spicy) (1 Medium Size)"", 109], [""Kiwi Fruit (1 Medium Size)"", 42], ["" Mix pulses bhel(1 Small Bowl)"", 81]]"
Sarah Adams,54,Male,79,170,active,2825.98,"[[""Guava White Flesh (1 Medium Size)"", 48], [""Chikoo (1 Medium Size)"", 59], [""Shingpak (1 Small Piece)"", 70], [""Khakhra(1 Pieces) (1 Medium Size)"", 89], [""Khichdi (1 Small Bowl)"", 125], [""Black sesame seeds  Chokki  (1 Small Piece)"", 157], [""Groundnut chikki  (1 Small Piece)"", 36], [""Khakhra(1 Pieces) (1 Medium Size)"", 89], [""Groundnut chikki  (1 Small Piece)"", 36], [""Orange (1 Medium Size)"", 46], [""Khakhra(1 Pieces) (1 Medium Size)"", 89], [""Groundnut chikki  (1 Small Piece)"", 36]]","[[""Rotla (Bajra)(1 Medium Size)"", 113], [""Horse gram dal(1 Small Bowl)"", 126], [""Undhiyu(1 Small Bowl)"", 233], [""Mandarin Orange(1 Medium Size)"", 63], [""Beanspotatosubji (1 Small Bowl)"", 93], [""Avocado Fruit (Sliced) (1 Medium Size)"", 211]]","[[""Dosa(1 Medium Size)"", 154], [""Khichdi (1 Small Bowl)"", 125], [""Fenugreek Leaves  brinjalsubji (1 Small Bowl)"", 63], [""Tomato subji(1 Small Bowl)"", 63], [""Samwa millet potato khichdi (1 Small Bowl)"", 114], [""Kadhi(1 Small Bowl)"", 78], [""Potatocauliflowerkhichadi (1 Small Bowl)"", 25], [""Black gram dal(1 Small Bowl)"", 684]]"
Willie Taylor,71,Male,70,162,moderate,2107.61,"[[""Medium Apple (1 Medium Size)"", 107], [""Grapes Black (1 Medium Size)"", 5], [""Groundnut chikki  (1 Small Piece)"", 36], [""Avocado Fruit (Sliced) (1 Medium Size)"", 211], [""Grapes Black (1 Medium Size)"", 5], [""GujratiHandvo  (1 Small Bowl)"", 192], [""Khakhra(1 Pieces) (1 Medium Size)"", 89]]","[[""Kadhi(1 Small Bowl)"", 78], [""VaghareliKhichadi (1 Small Bowl)"", 98], [""Kadhi(1 Small Bowl)"", 78], [""Khir (1 Small Bowl)"", 30], [""VaghareliKhichadi (1 Small Bowl)"", 98], [""Spinach corn subji (1 Small Bowl)"", 79]]","[[""Tomato subji(1 Small Bowl)"", 63], [""VaghareliKhichadi (1 Small Bowl)"", 98], [""Red gram dal(1 Small Bowl)"", 116], [""Pudla (sweet)  (1 Medium Size)"", 128], [""Caggage green salad (2 Table Spoon)"", 25]]"
Rhonda Jones PhD,90,Male,76,176,sedentary,1660.8,"[[""Muskmelon Fruit (1 Medium Size)"", 27], [""Pineapple (1 Medium Size)"", 416], [""GujratiHandvo  (1 Small Bowl)"", 192], [""Pudla (sweet)  (1 Medium Size)"", 128], [""GujratiDhokla  (1 Small Bowl)"", 54], [""GujratiHandvo  (1 Small Bowl)"", 192]]","[[""Bhakhri(1 Medium Size)"", 130], [""Doodh Pak  (1 Small Bowl)"", 156], [""Fig(1 Medium Size)"", 37], [""Bhakhri(1 Medium Size)"", 130], [""Bottle gourd tomato onion subji (1 Small Bowl)"", 54], [""Patra(1 Small Bowl)"", 23], [""Chikoo (1 Medium Size)"", 59], [""VaghareliKhichadi (1 Small Bowl)"", 98]]","[[""Bottle gourd tomato onion subji (1 Small Bowl)"", 54], [""GujratiDhokla  (1 Small Bowl)"", 54], [""Beanspotatosubji (1 Small Bowl)"", 93], [""Pudla (spicy) (1 Medium Size)"", 109], [""Radious Leaves (1 Small Bowl)"", 47], [""Dosa(1 Medium Size)"", 154], [""GujratiDhokla  (1 Small Bowl)"", 54], [""GujratiHandvo  (1 Small Bowl)"", 192]]"
Angela Price,62,Male,70,166,extra_active,2736.95,"[[""Guava White Flesh (1 Medium Size)"", 48], [""Kiwi Fruit (1 Medium Size)"", 42], [""Papaya, Ripe (1 Medium Size)"", 46], [""Khakhra(1 Pieces) (1 Medium Size)"", 89], [""Jambu fruit Ripe (1 Medium Size)"", 2], [""Khakhra(1 Pieces) (1 Medium Size)"", 89], [""Groundnut chikki  (1 Small Piece)"", 36], [""Medium Apple (1 Medium Size)"", 107], [""Groundnut chikki  (1 Small Piece)"", 36], [""Khichdi (1 Small Bowl)"", 125]]","[[""Rotla (Bajra)(1 Medium Size)"", 113], [""Muskmelon Fruit (1 Medium Size)"", 27], [""VaghareliKhichadi (1 Small Bowl)"", 98], [""VaghareliKhichadi (1 Small Bowl)"", 98], [""Rotla (Bajra)(1 Medium Size)"", 113]]","[[""Kadhi(1 Small Bowl)"", 78], [""Idli \u2013 Sambar"", 239], [""Bottle gourd tomato onion subji (1 Small Bowl)"", 54], [""Roti (1 Medium Size)"", 85]]"
Angela Fox,62,Male,50,160,sedentary,1362.6,"[[""Medium Apple (1 Medium Size)"", 107], [""Medium Banana (1 Medium Size)"", 117], [""Orange (1 Medium Size)"", 46], [""GujratiDhokla  (1 Small Bowl)"", 54], [""Dal dhokli  (1 Small Bowl)"", 173], [""Mango (1 Medium Size)"", 249]]","[[""Rotla (Bajra)(1 Medium Size)"", 113], [""Undhiyu(1 Small Bowl)"", 233], [""VaghareliKhichadi (1 Small Bowl)"", 98], [""Radious Leaves (1 Small Bowl)"", 47]]","[[""Pudla (sweet)  (1 Medium Size)"", 128], [""Ridge gourdsubji (1 Small Bowl)"", 52], [""Idli \u2013 Sambar"", 239], [""Bottle gourd tomato onion subji (1 Small Bowl)"", 54]]"
Scott Gonzalez,50,Female,41,168,sedentary,1349.02,"[[""Apricot Dried  (1 P)  (1 Medium Size)"", 20], [""Fig(1 Medium Size)"", 37], [""Plum(1 Medium Size)"", 34], [""Khakhra(1 Pieces) (1 Medium Size)"", 89], [""VaghareliKhichadi (1 Small Bowl)"", 98], [""Black sesame seeds  Chokki  (1 Small Piece)"", 157], [""Khakhra(1 Pieces) (1 Medium Size)"", 89]]","[[""Bhakhri(1 Medium Size)"", 130], [""Pineapple (1 Medium Size)"", 416]]","[[""VaghareliKhichadi (1 Small Bowl)"", 98], [""VaghareliKhichadi (1 Small Bowl)"", 98], [""VaghareliKhichadi (1 Small Bowl)"", 98], [""Kadhi(1 Small Bowl)"", 78]]"
Alexis Shepard,69,Male,120,179,moderate,3325.91,"[[""Guava White Flesh (1 Medium Size)"", 48], [""Apricot Dried  (1 P)  (1 Medium Size)"", 20], [""Khakhra(1 Pieces) (1 Medium Size)"", 89], [""Mango (1 Medium Size)"", 249], [""Khakhra(1 Pieces) (1 Medium Size)"", 89], [""Groundnut chikki  (1 Small Piece)"", 36], [""Guava pink Flesh (1 Medium Size)"", 33]]","[[""Roti (1 Medium Size)"", 85], [""Spinach corn subji (1 Small Bowl)"", 79], [""Doodh Pak  (1 Small Bowl)"", 156], [""Fenugreek Leaves  brinjalsubji (1 Small Bowl)"", 63], [""Tomato subji(1 Small Bowl)"", 63]]","[[""Pavbhaji(1 Small Bowl)"", 376], [""Potato sabji(1 Small Bowl)"", 118]]"
Olivia Espinoza,42,Female,77,159,light,2047.66,"[[""Medium Pear (1 Medium Size)"", 93], [""Medium Banana (1 Medium Size)"", 117], [""VaghareliKhichadi (1 Small Bowl)"", 98], [""Mango (1 Medium Size)"", 249], [""Khakhra(1 Pieces) (1 Medium Size)"", 89], [""GujratiDhokla  (1 Small Bowl)"", 54], [""VaghareliKhichadi (1 Small Bowl)"", 98], [""Litchi (1 Medium Size)"", 6], [""Groundnut chikki  (1 Small Piece)"", 36], [""Khakhra(1 Pieces) (1 Medium Size)"", 89], [""Khakhra(1 Pieces) (1 Medium Size)"", 89]]","[[""Bhakhri(1 Medium Size)"", 130], [""Tomato subji(1 Small Bowl)"", 63], [""Basondi (1 Small Bowl)"", 275], [""Caggage green salad (2 Table Spoon)"", 25], [""Black gram dal(1 Small Bowl)"", 684]]","[[""Carrot tomato beetroot salad (2 Table Spoon)"", 29], [""Caggage green salad (2 Table Spoon)"", 25], [""Stuffed brinjal(1 Small Bowl)"", 92], [""Potatocauliflowerkhichadi (1 Small Bowl)"", 25], [""Potatocauliflowerkhichadi (1 Small Bowl)"", 25], [""Potatocauliflowerkhichadi (1 Small Bowl)"", 25], [""Green gram dal(1 Small Bowl)"", 686]]"
Molly Harris,80,Male,71,162,moderate,2034.76,"[[""Medium Apple (1 Medium Size)"", 107], [""Dates, Processed (1 Medium Size)"", 35], [""VaghareliKhichadi (1 Small Bowl)"", 98], [""Khakhra(1 Pieces) (1 Medium Size)"", 89], [""VaghareliKhichadi (1 Small Bowl)"", 98], [""VaghareliKhichadi (1 Small Bowl)"", 98], [""VaghareliKhichadi (1 Small Bowl)"", 98], [""Groundnut chikki  (1 Small Piece)"", 36]]","[[""Paratha(1 Medium Size)"", 118], [""Red gram dal(1 Small Bowl)"", 116], [""Brinjal potato tomato subji (1 Small Bowl)"", 91], [""VaghareliKhichadi (1 Small Bowl)"", 98], [""Paratha(1 Medium Size)"", 118]]","[[""Bhakhri(1 Medium Size)"", 130], [""Rotla (Bajra)(1 Medium Size)"", 113], [""Tinda fry(2 Table Spoon)"", 25], [""Khichdi (1 Small Bowl)"", 125], [""Rose Apple (1 Medium Size)"", 69], [""GujratiDhokla  (1 Small Bowl)"", 54]]"
Kristin Berry,70,Female,81,160,light,1922.78,"[[""Muskmelon Fruit (1 Medium Size)"", 27], [""Medium Banana (1 Medium Size)"", 117], [""Pudla (sweet)  (1 Medium Size)"", 128], [""Rose Apple (1 Medium Size)"", 69], [""Jambu fruit Ripe (1 Medium Size)"", 2], [""VaghareliKhichadi (1 Small Bowl)"", 98], [""Dal dhokli  (1 Small Bowl)"", 173], [""Dal dhokli  (1 Small Bowl)"", 173]]","[[""Rotla (Bajra)(1 Medium Size)"", 113], [""Steamed stuffed bitter gourd (1 Small Bowl)"", 92], [""Carrot tomato beetroot salad (2 Table Spoon)"", 29], [""Doodh Pak  (1 Small Bowl)"", 156], [""Kadhi(1 Small Bowl)"", 78], [""Fenugreek Leaves  brinjalsubji (1 Small Bowl)"", 63], [""Roti (1 Medium Size)"", 85]]","[[""Avocado Fruit (Sliced) (1 Medium Size)"", 211], [""Idli \u2013 Sambar"", 239], [""Pudla (spicy) (1 Medium Size)"", 109], [""Caggage green salad (2 Table Spoon)"", 25]]"
Raymond Dudley,85,Male,76,175,extra_active,2684.22,"[[""Grapes Green (1 Medium Size)"", 3], [""Muskmelon Fruit (1 Medium Size)"", 27], [""Black sesame seeds  Chokki  (1 Small Piece)"", 157], [""Pudla (sweet)  (1 Medium Size)"", 128], [""Shingpak (1 Small Piece)"", 70], [""Dal dhokli  (1 Small Bowl)"", 173], [""Black sesame seeds  Chokki  (1 Small Piece)"", 157]]","[[""Bhakhri(1 Medium Size)"", 130], [""Ridge gourdsubji (1 Small Bowl)"", 52], [""Stuffed brinjal(1 Small Bowl)"", 92], [""Black gram dal(1 Small Bowl)"", 684]]","[[""Fenugreek Leaves  brinjalsubji (1 Small Bowl)"", 63], [""Kadhi(1 Small Bowl)"", 78], [""GujratiHandvo  (1 Small Bowl)"", 192], [""Groundunt potato subji (1 Small Bowl)"", 156]]"
Kenneth Hall,93,Female,66,153,active,1956.91,"[[""Apricot Dried  (1 P)  (1 Medium Size)"", 20], [""Strawberry (1 Medium Size)"", 5], [""Dal dhokli  (1 Small Bowl)"", 173], [""GujratiDhokla  (1 Small Bowl)"", 54], [""VaghareliKhichadi (1 Small Bowl)"", 98], [""Groundnut chikki  (1 Small Piece)"", 36], [""Fig(1 Medium Size)"", 37], [""Khakhra(1 Pieces) (1 Medium Size)"", 89], [""Dal dhokli  (1 Small Bowl)"", 173]]","[[""Rotla (Bajra)(1 Medium Size)"", 113], [""Kadhi(1 Small Bowl)"", 78], [""Steamed stuffed bitter gourd (1 Small Bowl)"", 92], [""Kadhi(1 Small Bowl)"", 78], [""Fig(1 Medium Size)"", 37], [""Undhiyu(1 Small Bowl)"", 233]]","[[""Stuffed brinjal(1 Small Bowl)"", 92], [""Patra(1 Small Bowl)"", 23], [""Carrot tomato beetroot salad (2 Table Spoon)"", 29], [""Grapes Black (1 Medium Size)"", 5], [""Beanspotatosubji (1 Small Bowl)"", 93], [""Kadhi(1 Small Bowl)"", 78], [""Dosa(1 Medium Size)"", 154]]"
Tara Spears,53,Female,49,169,extra_active,2258.17,"[[""Cherries Red (1 Medium Size)"", 66], [""Rose Apple (1 Medium Size)"", 69], [""VaghareliKhichadi (1 Small Bowl)"", 98], [""VaghareliKhichadi (1 Small Bowl)"", 98], [""Black sesame seeds  Chokki  (1 Small Piece)"", 157], [""Khakhra(1 Pieces) (1 Medium Size)"", 89], [""GujratiDhokla  (1 Small Bowl)"", 54], [""Khakhra(1 Pieces) (1 Medium Size)"", 89], [""Gooseberry (1 Medium Size)"", 14], [""GujratiDhokla  (1 Small Bowl)"", 54], [""Khakhra(1 Pieces) (1 Medium Size)"", 89], [""VaghareliKhichadi (1 Small Bowl)"", 98], [""Khakhra(1 Pieces) (1 Medium Size)"", 89]]","[[""Bhakhri(1 Medium Size)"", 130], [""Cluster beans potato subji (1 Small Bowl)"", 95], [""Doodh Pak  (1 Small Bowl)"", 156], [""VaghareliKhichadi (1 Small Bowl)"", 98], [""Kadhi(1 Small Bowl)"", 78], [""Mango (1 Medium Size)"", 249]]","[[""Tinda fry(2 Table Spoon)"", 25], [""Beanspotatosubji (1 Small Bowl)"", 93], [""Grapes Black (1 Medium Size)"", 5], [""Brinjalbhartha(1 Small Bowl)"", 70], [""Potatocauliflowerkhichadi (1 Small Bowl)"", 25], [""Black gram dal(1 Small Bowl)"", 684]]"
Pamela Moore,28,Female,53,150,light,1799.2,"[[""Apricot Dried  (1 P)  (1 Medium Size)"", 20], [""Dates, Processed (1 Medium Size)"", 35], [""Chikoo (1 Medium Size)"", 59], [""VaghareliKhichadi (1 Small Bowl)"", 98], [""Pudla (sweet)  (1 Medium Size)"", 128], [""Khakhra(1 Pieces) (1 Medium Size)"", 89], [""Medium Apple (1 Medium Size)"", 107], [""Shingpak (1 Small Piece)"", 70], [""Khichdi (1 Small Bowl)"", 125], [""Khakhra(1 Pieces) (1 Medium Size)"", 89], [""GujratiDhokla  (1 Small Bowl)"", 54], [""VaghareliKhichadi (1 Small Bowl)"", 98], [""Groundnut chikki  (1 Small Piece)"", 36]]","[[""Bhakhri(1 Medium Size)"", 130], [""Radious Leaves (1 Small Bowl)"", 47], [""Rotla (Bajra)(1 Medium Size)"", 113], [""Cluster beans potato subji (1 Small Bowl)"", 95], [""Fenugreek Leaves  brinjalsubji (1 Small Bowl)"", 63], [""VaghareliKhichadi (1 Small Bowl)"", 98], [""Shrikhand (1 Small Bowl)"", 393]]","[[""Rotla (Bajra)(1 Medium Size)"", 113], [""Black gram dal(1 Small Bowl)"", 684]]"
Christian Martinez,33,Male,79,177,sedentary,2178.0,"[[""Dragon Fruit (1 Medium Size)"", 119], [""Kiwi Fruit (1 Medium Size)"", 42], [""VaghareliKhichadi (1 Small Bowl)"", 98], [""Khakhra(1 Pieces) (1 Medium Size)"", 89], [""Pudla (sweet)  (1 Medium Size)"", 128], [""VaghareliKhichadi (1 Small Bowl)"", 98], [""Grapes Black (1 Medium Size)"", 5], [""Black sesame seeds  Chokki  (1 Small Piece)"", 157]]","[[""Kadhi(1 Small Bowl)"", 78], [""Ridge gourdsubji (1 Small Bowl)"", 52], [""Steamed stuffed bitter gourd (1 Small Bowl)"", 92], [""Doodh Pak  (1 Small Bowl)"", 156], [""Stuffed tomato(1 Small Bowl)"", 93]]","[[""Caggage green salad (2 Table Spoon)"", 25], [""Medium Pear (1 Medium Size)"", 93], [""Grapes Green (1 Medium Size)"", 3], [""Roti (1 Medium Size)"", 85], [""Brinjal potato tomato subji (1 Small Bowl)"", 91], [""Guava White Flesh (1 Medium Size)"", 48], [""Pudla (sweet)  (1 Medium Size)"", 128]]"
Scott Kirby,21,Female,118,160,sedentary,2377.61,"[[""Medium Apple (1 Medium Size)"", 107], [""Muskmelon Fruit (1 Medium Size)"", 27], [""Watermelon Balls (1 Medium Size)"", 2], [""Dal dhokli  (1 Small Bowl)"", 173], [""Medium Apple (1 Medium Size)"", 107], [""VaghareliKhichadi (1 Small Bowl)"", 98], [""Watermelon Balls (1 Medium Size)"", 2], [""Strawberry (1 Medium Size)"", 5], [""Groundnut chikki  (1 Small Piece)"", 36], [""VaghareliKhichadi (1 Small Bowl)"", 98], [""Groundnut chikki  (1 Small Piece)"", 36], [""Khakhra(1 Pieces) (1 Medium Size)"", 89], [""Khichdi (1 Small Bowl)"", 125], [""Khakhra(1 Pieces) (1 Medium Size)"", 89], [""Pineapple (1 Medium Size)"", 416]]","[[""Roti (1 Medium Size)"", 85], [""Kadhi(1 Small Bowl)"", 78], [""Rotla (Bajra)(1 Medium Size)"", 113], [""Basondi (1 Small Bowl)"", 275], [""Stuffed brinjal(1 Small Bowl)"", 92], [""Tomato subji(1 Small Bowl)"", 63], [""Paratha(1 Medium Size)"", 118]]","[[""Potato sabji(1 Small Bowl)"", 118], [""Steamed stuffed bitter gourd (1 Small Bowl)"", 92], [""Kadhi(1 Small Bowl)"", 78], [""Grapes Green (1 Medium Size)"", 3], [""VaghareliKhichadi (1 Small Bowl)"", 98], [""VaghareliKhichadi (1 Small Bowl)"", 98], [""Sukhabhel(1 Small Bowl)"", 8], [""Caggage green salad (2 Table Spoon)"", 25], [""Rose Apple (1 Medium Size)"", 69], [""Pavbhaji(1 Small Bowl)"", 376]]"
April Jackson,78,Male,53,160,extra_active,2030.62,"[[""Dragon Fruit (1 Medium Size)"", 119], [""Pomegranate (1 Medium Size)"", 234], [""Groundnut chikki  (1 Small Piece)"", 36], [""Grapes Green (1 Medium Size)"", 3], [""VaghareliKhichadi (1 Small Bowl)"", 98], [""Shingpak (1 Small Piece)"", 70], [""Medium Pear (1 Medium Size)"", 93], [""Black sesame seeds  Chokki  (1 Small Piece)"", 157]]","[[""Paratha(1 Medium Size)"", 118], [""Tinda fry(2 Table Spoon)"", 25], [""Kadhi(1 Small Bowl)"", 78], [""VaghareliKhichadi (1 Small Bowl)"", 98], [""Steamed stuffed bitter gourd (1 Small Bowl)"", 92], [""Stuffed brinjal(1 Small Bowl)"", 92]]","[[""Steamed stuffed bitter gourd (1 Small Bowl)"", 92], [""VaghareliKhichadi (1 Small Bowl)"", 98], [""Rose Apple (1 Medium Size)"", 69], [""Pudla (sweet)  (1 Medium Size)"", 128], [""Rotla (Bajra)(1 Medium Size)"", 113], [""Green gram dal(1 Small Bowl)"", 686]]"
Shelby Irwin,44,Female,59,153,moderate,2009.77,"[[""Mandarin Orange(1 Medium Size)"", 63], [""Dates, Processed (1 Medium Size)"", 35], [""VaghareliKhichadi (1 Small Bowl)"", 98], [""VaghareliKhichadi (1 Small Bowl)"", 98], [""Shingpak (1 Small Piece)"", 70], [""VaghareliKhichadi (1 Small Bowl)"", 98], [""GujratiDhokla  (1 Small Bowl)"", 54], [""Pudla (sweet)  (1 Medium Size)"", 128], [""Khakhra(1 Pieces) (1 Medium Size)"", 89], [""GujratiDhokla  (1 Small Bowl)"", 54], [""GujratiHandvo  (1 Small Bowl)"", 192]]","[[""Roti (1 Medium Size)"", 85], [""Tomato subji(1 Small Bowl)"", 63], [""Chikoo (1 Medium Size)"", 59], [""Pineapple (1 Medium Size)"", 416]]","[[""Red gram dal(1 Small Bowl)"", 116], [""GujratiHandvo  (1 Small Bowl)"", 192], [""Avocado Fruit (Sliced) (1 Medium Size)"", 211], [""Roti (1 Medium Size)"", 85]]"
George Edwards,21,Female,101,169,active,3166.09,"[[""Guava pink Flesh (1 Medium Size)"", 33], [""Chikoo (1 Medium Size)"", 59], [""Khakhra(1 Pieces) (1 Medium Size)"", 89], [""Khakhra(1 Pieces) (1 Medium Size)"", 89], [""Khakhra(1 Pieces) (1 Medium Size)"", 89], [""Medium Pear (1 Medium Size)"", 93], [""Khakhra(1 Pieces) (1 Medium Size)"", 89], [""VaghareliKhichadi (1 Small Bowl)"", 98], [""VaghareliKhichadi (1 Small Bowl)"", 98], [""Khakhra(1 Pieces) (1 Medium Size)"", 89], [""Pudla (sweet)  (1 Medium Size)"", 128]]","[[""Paratha(1 Medium Size)"", 118], [""Kiwi Fruit (1 Medium Size)"", 42], [""Chikoo (1 Medium Size)"", 59], [""Stuffed brinjal(1 Small Bowl)"", 92], [""Bhakhri(1 Medium Size)"", 130], [""Potato sabji(1 Small Bowl)"", 118], [""Khir (1 Small Bowl)"", 30], [""Horse gram dal(1 Small Bowl)"", 126]]","[[""VaghareliKhichadi (1 Small Bowl)"", 98], [""Bhakhri(1 Medium Size)"", 130], [""Black gram dal(1 Small Bowl)"", 684]]"
Jeanne Stout,89,Male,112,173,light,2572.28,"[[""Mandarin Orange(1 Medium Size)"", 63], [""Mango (1 Medium Size)"", 249], [""Khakhra(1 Pieces) (1 Medium Size)"", 89], [""Khakhra(1 Pieces) (1 Medium Size)"", 89], [""VaghareliKhichadi (1 Small Bowl)"", 98], [""Groundnut chikki  (1 Small Piece)"", 36]]","[[""Rotla (Bajra)(1 Medium Size)"", 113], [""Tomato subji(1 Small Bowl)"", 63], [""Guava White Flesh (1 Medium Size)"", 48], [""Kadhi(1 Small Bowl)"", 78], [""Muskmelon Fruit (1 Medium Size)"", 27], [""Groundunt potato subji (1 Small Bowl)"", 156]]","[[""Dal dhokli  (1 Small Bowl)"", 173], [""Litchi (1 Medium Size)"", 6], [""Pulav(1 Small Bowl)"", 133], [""GujratiHandvo  (1 Small Bowl)"", 192]]"
Beth Edwards,67,Female,64,164,moderate,1948.72,"[[""Medium Pear (1 Medium Size)"", 93], [""Litchi (1 Medium Size)"", 6], [""Khakhra(1 Pieces) (1 Medium Size)"", 89], [""Medium Banana (1 Medium Size)"", 117], [""GujratiHandvo  (1 Small Bowl)"", 192], [""Khichdi (1 Small Bowl)"", 125], [""GujratiHandvo  (1 Small Bowl)"", 192]]","[[""Caggage green salad (2 Table Spoon)"", 25], [""Cauliflower potato subji  (1 Small Bowl)"", 95], [""Kadhi(1 Small Bowl)"", 78], [""Basondi (1 Small Bowl)"", 275], [""Sprouted green gram subji(1 Small Bowl)"", 87]]","[[""Upma(1 Medium Size)"", 111], [""Potato sabji(1 Small Bowl)"", 118], [""Horse gram dal(1 Small Bowl)"", 126], [""Potatocauliflowerkhichadi (1 Small Bowl)"", 25], [""Stuffed tomato(1 Small Bowl)"", 93], [""VaghareliKhichadi (1 Small Bowl)"", 98]]"
William Atkinson,79,Male,90,168,light,2214.78,"[[""Avocado Fruit (Sliced) (1 Medium Size)"", 211], [""Avocado Fruit (Sliced) (1 Medium Size)"", 211], [""Pudla (sweet)  (1 Medium Size)"", 128], [""Dal dhokli  (1 Small Bowl)"", 173], [""Khakhra(1 Pieces) (1 Medium Size)"", 89], [""Muskmelon Fruit (1 Medium Size)"", 27], [""Khakhra(1 Pieces) (1 Medium Size)"", 89]]","[[""Paratha(1 Medium Size)"", 118], [""Bhakhri(1 Medium Size)"", 130], [""Stuffed brinjal(1 Small Bowl)"", 92], [""Carrot tomato beetroot salad (2 Table Spoon)"", 29], [""Caggage green salad (2 Table Spoon)"", 25], [""Carrot tomato beetroot salad (2 Table Spoon)"", 29], [""VaghareliKhichadi (1 Small Bowl)"", 98], [""Papaya, Ripe (1 Medium Size)"", 46], [""Caggage green salad (2 Table Spoon)"", 25], [""Kadhi(1 Small Bowl)"", 78]]","[[""VaghareliKhichadi (1 Small Bowl)"", 98], [""VaghareliKhichadi (1 Small Bowl)"", 98], [""Potatocauliflowerkhichadi (1 Small Bowl)"", 25], [""Bhakhri(1 Medium Size)"", 130], [""Sprouted green gram subji(1 Small Bowl)"", 87], [""Cauliflower potato subji  (1 Small Bowl)"", 95], [""Caggage green salad (2 Table Spoon)"", 25], [""Stuffed brinjal(1 Small Bowl)"", 92], [""Undhiyu(1 Small Bowl)"", 233]]"
Jamie Solis,29,Female,109,154,moderate,2862.48,"[[""Fig(1 Medium Size)"", 37], [""Guava pink Flesh (1 Medium Size)"", 33], [""Strawberry (1 Medium Size)"", 5], [""Khakhra(1 Pieces) (1 Medium Size)"", 89], [""Groundnut chikki  (1 Small Piece)"", 36], [""Shingpak (1 Small Piece)"", 70], [""Groundnut chikki  (1 Small Piece)"", 36], [""Khakhra(1 Pieces) (1 Medium Size)"", 89], [""Groundnut chikki  (1 Small Piece)"", 36], [""Pudla (sweet)  (1 Medium Size)"", 128], [""Khakhra(1 Pieces) (1 Medium Size)"", 89], [""Groundnut chikki  (1 Small Piece)"", 36], [""Avocado Fruit (Sliced) (1 Medium Size)"", 211]]","[[""Rotla (Bajra)(1 Medium Size)"", 113], [""VaghareliKhichadi (1 Small Bowl)"", 98], [""Tomato subji(1 Small Bowl)"", 63], [""Apricot Dried  (1 P)  (1 Medium Size)"", 20], [""VaghareliKhichadi (1 Small Bowl)"", 98], [""Roti (1 Medium Size)"", 85], [""Sprouted muthsubji(1 Small Bowl)"", 40], [""Carrot tomato beetroot salad (2 Table Spoon)"", 29], [""Basondi (1 Small Bowl)"", 275]]","[[""Grapes Black (1 Medium Size)"", 5], [""Grapes Black (1 Medium Size)"", 5], [""Vegetable Oats(1 Small Bowl)"", 88], [""VaghareliKhichadi (1 Small Bowl)"", 98], [""Khichdi (1 Small Bowl)"", 125], [""VaghareliKhichadi (1 Small Bowl)"", 98], [""Carrot tomato beetroot salad (2 Table Spoon)"", 29], [""Dal dhokli  (1 Small Bowl)"", 173]]"
Guy Smith,90,Male,36,182,extra_active,1641.6,"[[""Fig(1 Medium Size)"", 37], [""Orange (1 Medium Size)"", 46], [""Dal dhokli  (1 Small Bowl)"", 173], [""Kiwi Fruit (1 Medium Size)"", 42], [""Litchi (1 Medium Size)"", 6], [""Shingpak (1 Small Piece)"", 70], [""VaghareliKhichadi (1 Small Bowl)"", 98], [""GujratiDhokla  (1 Small Bowl)"", 54], [""Pineapple (1 Medium Size)"", 416]]","[[""Bhakhri(1 Medium Size)"", 130], [""Plum(1 Medium Size)"", 34], [""Black gram dal(1 Small Bowl)"", 684]]","[[""VaghareliKhichadi (1 Small Bowl)"", 98], [""Fenugreek Leaves  brinjalsubji (1 Small Bowl)"", 63], [""Paratha(1 Medium Size)"", 118], [""Kadhi(1 Small Bowl)"", 78], [""Stuffed tomato(1 Small Bowl)"", 93], [""Bhakhri(1 Medium Size)"", 130], [""Stuffed brinjal(1 Small Bowl)"", 92]]"
Joseph Cruz,94,Female,78,160,active,2169.14,"[[""Medium Apple (1 Medium Size)"", 107], [""Guava pink Flesh (1 Medium Size)"", 33], [""Shingpak (1 Small Piece)"", 70], [""Khakhra(1 Pieces) (1 Medium Size)"", 89], [""Khakhra(1 Pieces) (1 Medium Size)"", 89], [""VaghareliKhichadi (1 Small Bowl)"", 98], [""Khakhra(1 Pieces) (1 Medium Size)"", 89], [""GujratiHandvo  (1 Small Bowl)"", 192]]","[[""Paratha(1 Medium Size)"", 118], [""Khir (1 Small Bowl)"", 30], [""Beanspotatosubji (1 Small Bowl)"", 93], [""Tinda fry(2 Table Spoon)"", 25], [""Doodh Pak  (1 Small Bowl)"", 156], [""Cabbage potato subji(1 Small Bowl)"", 99], [""Fenugreek Leaves  brinjalsubji (1 Small Bowl)"", 63]]","[[""Potato sabji(1 Small Bowl)"", 118], [""Mandarin Orange(1 Medium Size)"", 63], [""Caggage green salad (2 Table Spoon)"", 25], [""Muskmelon Fruit (1 Medium Size)"", 27], [""Brinjalbhartha(1 Small Bowl)"", 70], [""Pudla (sweet)  (1 Medium Size)"", 128], ["" Mix pulses bhel(1 Small Bowl)"", 81], [""Tinda fry(2 Table Spoon)"", 25], [""Stuffed brinjal(1 Small Bowl)"", 92]]"
Felicia Miller,75,Male,50,181,extra_active,2190.22,"[[""Cherries Red (1 Medium Size)"", 66], [""Fig(1 Medium Size)"", 37], [""Khakhra(1 Pieces) (1 Medium Size)"", 89], [""VaghareliKhichadi (1 Small Bowl)"", 98], [""GujratiDhokla  (1 Small Bowl)"", 54], [""Khakhra(1 Pieces) (1 Medium Size)"", 89], [""Cherries Red (1 Medium Size)"", 66], [""Khakhra(1 Pieces) (1 Medium Size)"", 89], [""GujratiHandvo  (1 Small Bowl)"", 192], [""VaghareliKhichadi (1 Small Bowl)"", 98], [""Watermelon Balls (1 Medium Size)"", 2], [""Mandarin Orange(1 Medium Size)"", 63], [""Guava pink Flesh (1 Medium Size)"", 33]]","[[""Bhakhri(1 Medium Size)"", 130], [""Fig(1 Medium Size)"", 37], [""Cabbage potato subji(1 Small Bowl)"", 99], [""Carrot tomato beetroot salad (2 Table Spoon)"", 29], [""Undhiyu(1 Small Bowl)"", 233], [""Kadhi(1 Small Bowl)"", 78], [""Fenugreek Leaves  brinjalsubji (1 Small Bowl)"", 63], [""Sprouted muthsubji(1 Small Bowl)"", 40], [""Kadhi(1 Small Bowl)"", 78]]","[[""Pudla (spicy) (1 Medium Size)"", 109], [""Pudla (spicy) (1 Medium Size)"", 109], [""Sprouted green gram subji(1 Small Bowl)"", 87], [""Kadhi(1 Small Bowl)"", 78], [""Red gram dal(1 Small Bowl)"", 116], [""Dosa(1 Medium Size)"", 154], [""Orange (1 Medium Size)"", 46], [""Pudla (sweet)  (1 Medium Size)"", 128]]"
Ms. Katie Daniel,79,Male,118,183,sedentary,2484.9,"[[""Sapota (1 Medium Size)"", 59], [""Muskmelon Fruit (1 Medium Size)"", 27], [""Medium Apple (1 Medium Size)"", 107], [""Groundnut chikki  (1 Small Piece)"", 36], [""Khakhra(1 Pieces) (1 Medium Size)"", 89], [""Fig(1 Medium Size)"", 37], [""Kiwi Fruit (1 Medium Size)"", 42], [""Khichdi (1 Small Bowl)"", 125], [""GujratiDhokla  (1 Small Bowl)"", 54], [""Khichdi (1 Small Bowl)"", 125]]","[[""Bhakhri(1 Medium Size)"", 130], [""VaghareliKhichadi (1 Small Bowl)"", 98], [""Shrikhand (1 Small Bowl)"", 393]]","[[""Tomato subji(1 Small Bowl)"", 63], [""Bhakhri(1 Medium Size)"", 130], [""VaghareliKhichadi (1 Small Bowl)"", 98], [""Caggage green salad (2 Table Spoon)"", 25], [""Undhiyu(1 Small Bowl)"", 233]]"
Jason Hart,87,Male,109,165,light,2479.12,"[[""Medium Pear (1 Medium Size)"", 93], [""Gooseberry (1 Medium Size)"", 14], [""Shingpak (1 Small Piece)"", 70], [""Khakhra(1 Pieces) (1 Medium Size)"", 89], [""Dal dhokli  (1 Small Bowl)"", 173], [""Khakhra(1 Pieces) (1 Medium Size)"", 89], [""Khakhra(1 Pieces) (1 Medium Size)"", 89], [""VaghareliKhichadi (1 Small Bowl)"", 98], [""VaghareliKhichadi (1 Small Bowl)"", 98], [""VaghareliKhichadi (1 Small Bowl)"", 98]]","[[""Tomato subji(1 Small Bowl)"", 63], [""Mandarin Orange(1 Medium Size)"", 63], [""Sprouted green gram subji(1 Small Bowl)"", 87], [""Ridge gourdsubji (1 Small Bowl)"", 52], [""Tinda potato subji (1 Small Bowl)"", 82], [""Kadhi(1 Small Bowl)"", 78], [""Tomato subji(1 Small Bowl)"", 63], [""VaghareliKhichadi (1 Small Bowl)"", 98], [""Kadhi(1 Small Bowl)"", 78]]","[[""Sprouted muthsubji(1 Small Bowl)"", 40], [""VaghareliKhichadi (1 Small Bowl)"", 98], [""Pudla (sweet)  (1 Medium Size)"", 128], [""Dal dhokli  (1 Small Bowl)"", 173], [""Rotla (Bajra)(1 Medium Size)"", 113], [""GujratiDhokla  (1 Small Bowl)"", 54], [""VaghareliKhichadi (1 Small Bowl)"", 98]]"
Alan Brown,31,Female,43,155,light,1661.14,"[[""Fig(1 Medium Size)"", 37], [""Guava pink Flesh (1 Medium Size)"", 33], [""Shingpak (1 Small Piece)"", 70], [""VaghareliKhichadi (1 Small Bowl)"", 98], [""Khakhra(1 Pieces) (1 Medium Size)"", 89], [""Watermelon Balls (1 Medium Size)"", 2], [""VaghareliKhichadi (1 Small Bowl)"", 98], [""Shingpak (1 Small Piece)"", 70], [""VaghareliKhichadi (1 Small Bowl)"", 98], [""Khakhra(1 Pieces) (1 Medium Size)"", 89], [""VaghareliKhichadi (1 Small Bowl)"", 98]]","[[""Bhakhri(1 Medium Size)"", 130], [""VaghareliKhichadi (1 Small Bowl)"", 98], [""Fenugreek Leaves  brinjalsubji (1 Small Bowl)"", 63], [""Spinach corn subji (1 Small Bowl)"", 79], [""Kadhi(1 Small Bowl)"", 78], [""Fig(1 Medium Size)"", 37], [""Radious Leaves (1 Small Bowl)"", 47], [""Spinach corn subji (1 Small Bowl)"", 79]]","[[""Caggage green salad (2 Table Spoon)"", 25], [""Pavbhaji(1 Small Bowl)"", 376], [""Idli \u2013 Sambar"", 239]]"
James Davis,42,Female,42,159,light,1587.44,"[[""Litchi (1 Medium Size)"", 6], [""Avocado Fruit (Sliced) (1 Medium Size)"", 211], [""VaghareliKhichadi (1 Small Bowl)"", 98], [""Khakhra(1 Pieces) (1 Medium Size)"", 89], [""Guava pink Flesh (1 Medium Size)"", 33], [""Black sesame seeds  Chokki  (1 Small Piece)"", 157]]","[[""Radious Leaves (1 Small Bowl)"", 47], [""Horse gram dal(1 Small Bowl)"", 126], [""Cluster beans potato subji (1 Small Bowl)"", 95], [""Roti (1 Medium Size)"", 85], [""Patra(1 Small Bowl)"", 23], [""Kadhi(1 Small Bowl)"", 78]]","[[""Tinda potato subji (1 Small Bowl)"", 82], [""Dosa(1 Medium Size)"", 154], [""Vegetable daliakhichadi (1 Small Bowl)"", 119], [""Groundunt potato subji (1 Small Bowl)"", 156]]"
Jennifer Kennedy,27,Female,91,164,active,2936.78,"[[""Avocado Fruit (Sliced) (1 Medium Size)"", 211], [""Kiwi Fruit (1 Medium Size)"", 42], [""Black sesame seeds  Chokki  (1 Small Piece)"", 157], [""Khakhra(1 Pieces) (1 Medium Size)"", 89], [""Pomegranate (1 Medium Size)"", 234]]","[[""Rotla (Bajra)(1 Medium Size)"", 113], [""Steamed stuffed bitter gourd (1 Small Bowl)"", 92], [""Fenugreek Leaves  brinjalsubji (1 Small Bowl)"", 63], [""Roti (1 Medium Size)"", 85], [""Paratha(1 Medium Size)"", 118]]","[[""Groundunt potato subji (1 Small Bowl)"", 156], [""Dosa(1 Medium Size)"", 154], [""Potato sabji(1 Small Bowl)"", 118], [""Kadhi(1 Small Bowl)"", 78]]"
Bailey Austin,98,Male,41,173,moderate,1292.31,"[[""Watermelon Balls (1 Medium Size)"", 2], [""Pomegranate (1 Medium Size)"", 234], [""Groundnut chikki  (1 Small Piece)"", 36], [""Black sesame seeds  Chokki  (1 Small Piece)"", 157], [""Grapes Black (1 Medium Size)"", 5], [""Khakhra(1 Pieces) (1 Medium Size)"", 89]]","[[""Rotla (Bajra)(1 Medium Size)"", 113], [""Cabbage potato subji(1 Small Bowl)"", 99], [""Khir (1 Small Bowl)"", 30], [""Kadhi(1 Small Bowl)"", 78], [""Brinjal potato tomato subji (1 Small Bowl)"", 91]]","[[""Idli \u2013 Sambar"", 239], [""Spinach corn subji (1 Small Bowl)"", 79], [""Rotla (Bajra)(1 Medium Size)"", 113]]"
Bianca Ayala,26,Male,53,177,moderate,2332.36,"[[""Kiwi Fruit (1 Medium Size)"", 42], [""Guava pink Flesh (1 Medium Size)"", 33], [""Orange (1 Medium Size)"", 46], [""VaghareliKhichadi (1 Small Bowl)"", 98], [""VaghareliKhichadi (1 Small Bowl)"", 98], [""Dal dhokli  (1 Small Bowl)"", 173], [""Pudla (sweet)  (1 Medium Size)"", 128], [""Pudla (sweet)  (1 Medium Size)"", 128], [""Khakhra(1 Pieces) (1 Medium Size)"", 89], [""Pudla (sweet)  (1 Medium Size)"", 128], [""Grapes Black (1 Medium Size)"", 5], [""Khakhra(1 Pieces) (1 Medium Size)"", 89]]","[[""Rotla (Bajra)(1 Medium Size)"", 113], [""Red gram dal(1 Small Bowl)"", 116], [""Steamed stuffed bitter gourd (1 Small Bowl)"", 92], [""Steamed stuffed bitter gourd (1 Small Bowl)"", 92], [""Kadhi(1 Small Bowl)"", 78], [""Paratha(1 Medium Size)"", 118], [""Green gram dal(1 Small Bowl)"", 686]]","[[""GujratiHandvo  (1 Small Bowl)"", 192], [""Idli \u2013 Sambar"", 239], [""Bhakhri(1 Medium Size)"", 130], [""Pudla (spicy) (1 Medium Size)"", 109], [""Black gram dal(1 Small Bowl)"", 684]]"
Juan Rogers,45,Female,92,161,moderate,2514.61,"[[""Cherries Red (1 Medium Size)"", 66], [""Medium Pear (1 Medium Size)"", 93], [""Rose Apple (1 Medium Size)"", 69], [""GujratiHandvo  (1 Small Bowl)"", 192], [""Dal dhokli  (1 Small Bowl)"", 173], [""Mango (1 Medium Size)"", 249]]","[[""Paratha(1 Medium Size)"", 118], [""Tomato subji(1 Small Bowl)"", 63], [""Tinda potato subji (1 Small Bowl)"", 82], [""Khir (1 Small Bowl)"", 30], [""Bottle gourd tomato onion subji (1 Small Bowl)"", 54], [""Red gram dal(1 Small Bowl)"", 116], [""Basondi (1 Small Bowl)"", 275]]","[[""Fenugreek Leaves  brinjalsubji (1 Small Bowl)"", 63], [""Potato sabji(1 Small Bowl)"", 118], [""Pudla (sweet)  (1 Medium Size)"", 128], [""Green gram subji(1 Small Bowl)"", 102], [""VaghareliKhichadi (1 Small Bowl)"", 98], [""Kadhi(1 Small Bowl)"", 78]]"
Kristen Valencia,55,Male,48,184,moderate,1976.64,"[[""Pomegranate (1 Medium Size)"", 234], [""Guava White Flesh (1 Medium Size)"", 48], [""GujratiDhokla  (1 Small Bowl)"", 54], [""Groundnut chikki  (1 Small Piece)"", 36], [""Mango (1 Medium Size)"", 249], [""Black sesame seeds  Chokki  (1 Small Piece)"", 157]]","[[""Roti (1 Medium Size)"", 85], [""Kadhi(1 Small Bowl)"", 78], [""Grapes Black (1 Medium Size)"", 5], [""Tomato subji(1 Small Bowl)"", 63], [""Stuffed brinjal(1 Small Bowl)"", 92], [""Potato sabji(1 Small Bowl)"", 118], [""VaghareliKhichadi (1 Small Bowl)"", 98], [""Pineapple (1 Medium Size)"", 416]]","[[""Chikoo (1 Medium Size)"", 59], [""Dosa(1 Medium Size)"", 154], [""Dosa(1 Medium Size)"", 154], [""Sprouted muthsubji(1 Small Bowl)"", 40], [""Radious Leaves (1 Small Bowl)"", 47], [""Kadhi(1 Small Bowl)"", 78], [""Pulav(1 Small Bowl)"", 133]]"
Raven Matthews,22,Male,90,179,sedentary,2460.6,"[[""Kiwi Fruit (1 Medium Size)"", 42], [""Gooseberry (1 Medium Size)"", 14], [""Avocado Fruit (Sliced) (1 Medium Size)"", 211], [""VaghareliKhichadi (1 Small Bowl)"", 98], [""Guava White Flesh (1 Medium Size)"", 48], [""Khakhra(1 Pieces) (1 Medium Size)"", 89], [""Khakhra(1 Pieces) (1 Medium Size)"", 89], [""Khakhra(1 Pieces) (1 Medium Size)"", 89], [""Watermelon Balls (1 Medium Size)"", 2], [""Khichdi (1 Small Bowl)"", 125], [""Khakhra(1 Pieces) (1 Medium Size)"", 89]]","[[""Rotla (Bajra)(1 Medium Size)"", 113], [""Carrot tomato beetroot salad (2 Table Spoon)"", 29], [""Tomato subji(1 Small Bowl)"", 63], [""Tinda fry(2 Table Spoon)"", 25], [""Orange (1 Medium Size)"", 46], [""Steamed stuffed bitter gourd (1 Small Bowl)"", 92], [""Kadhi(1 Small Bowl)"", 78], [""Guava White Flesh (1 Medium Size)"", 48], [""Carrot tomato beetroot salad (2 Table Spoon)"", 29], [""Shrikhand (1 Small Bowl)"", 393]]","[[""Bottle gourd (rice flakes (1 Small Bowl))"", 43], [""Bhakhri(1 Medium Size)"", 130], [""Stuffed brinjal(1 Small Bowl)"", 92], [""Stuffed tomato(1 Small Bowl)"", 93], [""Caggage green salad (2 Table Spoon)"", 25], [""Kadhi(1 Small Bowl)"", 78], ["" Mix pulses bhel(1 Small Bowl)"", 81], [""Caggage green salad (2 Table Spoon)"", 25], [""GujratiDhokla  (1 Small Bowl)"", 54], [""Paratha(1 Medium Size)"", 118]]"
